Street Address,Lat,Lng
"The Castlewood Plan, Meadowlark",39.584733,-104.900513
"Sheridan Plan, Ridgeline at Meridian Village",39.5175575,-104.8165243
5008 Raintree Cir,39.4480999,-104.7917959
10023 S Granite Hill Dr,39.5346973,-104.8071825
"Lapis Plan, Seasons at Stonegate",39.5483358,-104.7991632
12766 Ironstone Way APT 104,39.48324059999999,-104.762569
12942 Washburn Ct,39.4812032,-104.7852667
12751 Randles Ave,39.4843224,-104.7869652
"Daniel Plan, Stone Creek Ranch",39.448653,-104.7625671
"The Platte Plan, Meadowlark",40.9812543,-98.1515804
"Holbrook Plan, Timbers at the Pinery",39.4429209,-104.707283
"Dillon II Plan, Reata Ridge",39.4799961,-104.754796
"Coming Soon Plan, Trails at Crowfoot Town Collection",39.5155804,-104.780352
"Yorktown Plan, Ridgeline at Meridian Village",39.5175575,-104.8165243
"Coming Soon Plan, Trails at Crowfoot City Collection",39.5155804,-104.780352
10621 Clarkeville Way,39.5247067,-104.7836131
"Daley Plan, Stone Creek Ranch",39.448653,-104.7625671
"Arlington Plan, Ridgeline at Meridian Village",39.5175575,-104.8165243
11870 S Breeze Grass Way,39.500741,-104.80515
"Coming Soon Plan, Trails at Crowfoot Destination Collection",39.5155804,-104.780352
"The Golden Gate Plan, Meadowlark",37.8199286,-122.4782551
"Hillary Plan, Timbers at the Pinery",39.4429209,-104.707283
"Avril Plan, Stone Creek Ranch",39.44968550000001,-104.7603933
"Dearborn Plan, Reata Ridge",42.3222599,-83.17631449999999
8432 Wheatgrass Cir,39.5637578,-104.7936878
"Dayton Plan, Timbers at the Pinery",39.4431619,-104.7030694
"Residence 2B Plan, The Trails at Westcreek",39.5473702,-104.7750722
9461 Ashbury Cir APT 204,39.544063,-104.7996217
"Plan 2390 Modeled Plan, Stone Creek Ranch",39.449041,-104.771257
"Daley Plan, Reata Ridge",39.4799961,-104.754796
17114 E Cedar Gulch Dr,39.5120254,-104.791454
16795 Trail Sky Cir,39.5061899,-104.7952834
"Hemingway Plan, Stone Creek Ranch",39.448653,-104.7625671
"Crestone (Residence 49204) Plan, Anthology",37.9963881,-105.6997332
5379 Pinyon Jay Rd,39.4386269,-104.73711
17040 Motsenbocker Way,39.5217582,-104.7895849
"Signature Series Plan One Plan, Pradera",39.4438618,-104.8014983
"Daniel Plan, Reata Ridge",39.4799961,-104.754796
"Residence 2A Plan, The Trails at Westcreek",39.5473702,-104.7750722
"Silverthorne Plan, Stone Creek Ranch",39.448653,-104.7625671
"The Waterton Plan, Meadowlark",39.5094181,-104.7889004
"Plan 1818 Modeled Plan, Stone Creek Ranch",39.449041,-104.771257
"The Nederland Plan, Senderos Creek: The Town Collection",39.511777,-104.791957
"Darius Plan, Stone Creek Ranch",39.448653,-104.7625671
"Daley Plan, Timbers at the Pinery",39.4429209,-104.707283
"Granby Plan, Alder Village",39.5541954,-104.805725
"Willow (Residence 34101) Plan, Anthology",-26.0151396,28.1329457
8749 Eagle Moon Way,39.467891,-104.7244317
"Evergreen Plan, Luxury Townhomes at Pine Bluffs",39.493699,-104.753957
"Plan 1590 Plan, Stone Creek Ranch",39.449041,-104.771257
"European Hillside Bordeaux Plan, Pradera",39.4381785,-104.7907714
"Vail (Residence 39208) Plan, Anthology",39.4831857,-104.7836751
"Cortez Plan, Stone Creek Ranch",39.448653,-104.7625671
"The Castlewood Plan, Senderos Creek: The Canyon Collection",39.509896,-104.785659
"Coronado Plan, Stone Creek Ranch",32.6858853,-117.1830891
"The Buena Vista Plan, Senderos Creek: The Town Collection",39.511777,-104.791957
"Residence Three Plan, The Timbers at the Pinery by Berkeley Homes",39.4429209,-104.707283
"Harmon Plan, Timbers at the Pinery",39.4429209,-104.707283
"Plan 2651 Plan, Stone Creek Ranch",39.449041,-104.771257
"Estes Plan, Alder Village",39.5541954,-104.805725
"Estes Plan, Stone Creek Ranch",39.448653,-104.7625671
"Stonehaven Plan, Sierra Ridge : The Monarch Collection",39.5336692,-104.8195157
"Dayton Plan, Reata Ridge",39.4799961,-104.754796
"Bedford Plan, Stone Creek Ranch",39.448653,-104.7625671
"The Perry Park Plan, Senderos Creek: The Town Collection",39.511777,-104.791957
"Conifer Plan, Luxury Townhomes at Pine Bluffs",39.493699,-104.753957
12852 Randles Ave,39.4829258,-104.7844811
"Aspen (Residence 39209) Plan, Anthology",32.4124147,-90.2901815
"Genesee Plan, Alder Village",39.5541954,-104.805725
"The Clear Creek Plan, Senderos Creek: The Canyon Collection",39.509896,-104.785659
8460 Wheatgrass Cir,39.56292029999999,-104.7940525
"Residence One Plan, The Timbers at the Pinery by Berkeley Homes",39.4429209,-104.707283
"Graham Plan, Sierra Ridge : The Monarch Collection",39.5336692,-104.8195157
"Plan 1685 Plan, Stone Creek Ranch",39.449041,-104.771257
"Centennial Plan, Stone Creek Ranch",39.448653,-104.7625671
"The Eldorado Plan, Senderos Creek: The Canyon Collection",39.509896,-104.785659
"The Palisade Plan, Senderos Creek: The Town Collection",39.511777,-104.791957
"Telluride (Residence 39103) Plan, Anthology",37.9374939,-107.8122852
"Morrison Plan, Alder Village",39.5541954,-104.805725
"Delaney Plan, Reata Ridge",39.4799961,-104.754796
"Andrea Plan, Ridgeline at Meridian Village",39.5175575,-104.8165243
5811 Regal Oak Ln,39.4464801,-104.7110273
"Hopewell Plan, Stone Creek Ranch",39.448653,-104.7625671
"Lincoln (Residence 49203) Plan, Anthology",42.2085364,-84.406761
15705 Savory Cir,39.5089356,-104.8070457
"Residence Two Plan, The Timbers at the Pinery by Berkeley Homes",39.4429209,-104.707283
"Residence 3A Plan, The Trails at Westcreek",39.5473702,-104.7750722
12766 Ironstone Way APT 203,39.48324059999999,-104.762569
"European Hillside Umbria Plan, Pradera",42.938004,12.6216211
"Plan 1747 Plan, Stone Creek Ranch",39.449041,-104.771257
11979 S Copper Creek Cir,39.4994206,-104.8090518
9283 Twenty Mile Rd UNIT 406,39.5487598,-104.777218
9283 Twenty Mile Rd UNIT 403,39.5487598,-104.777218
9283 Twenty Mile Rd UNIT 401,39.5487598,-104.777218
"Spruce Plan, Luxury Townhomes at Pine Bluffs",39.493699,-104.753957
14044 Touchstone Point,39.5175265,-104.8255822
9283 Twenty Mile Rd UNIT 302,39.5487598,-104.777218
"Signature Series Plan Two Plan, Pradera",39.4438618,-104.8014983
10040 Quarry Hill Pl,39.53362,-104.8107615
"Hopewell Plan, Ridgeline at Meridian Village",39.5175575,-104.8165243
"Ashbrook Plan, Sierra Ridge : The Monarch Collection",39.5336692,-104.8195157
11388 Iron Ore Ct,39.5094383,-104.7848907
10535 Cottoneaster Way,39.5249968,-104.8077524
"Arlington Plan, Stone Creek Ranch",39.44968550000001,-104.7603933
9012 Birch Run Dr,39.5543245,-104.803948
"Avon (Residence 39205) Plan, Anthology",32.3503996,-90.1529468
"Signature Series Plan Three Plan, Pradera",39.4438618,-104.8014983
"The Waterton Plan, Senderos Creek: The Canyon Collection",39.509896,-104.785659
"Birch (Residence 34203) Plan, Anthology",27.4481958,-82.5131717
"Decker Plan, Stone Creek Ranch",39.448653,-104.7625671
"Hawthorn (Residence 34205) Plan, Anthology",39.4831857,-104.7836751
"The Platte Plan, Senderos Creek: The Canyon Collection",39.509896,-104.785659
"Glenwood Plan, Stone Creek Ranch",39.448653,-104.7625671
11079 Random Valley Cir,39.43013699999999,-104.67852
"Plan 1942 Plan, Stone Creek Ranch",39.449041,-104.771257
"Monroe Plan, Timbers at the Pinery",39.4429209,-104.707283
"Plan 2193 Plan, Stone Creek Ranch",39.448653,-104.7625671
7677 Hillgate Way,39.4635043,-104.7435486
"Torreys (Residence 49202) Plan, Anthology",39.48357,-104.7798067
"Chelton Plan, Sierra Ridge : The Monarch Collection",39.5336692,-104.8195157
"Delaney Plan, Stone Creek Ranch",39.448653,-104.7625671
"Juniper (Residence 34202) Plan, Anthology",27.4011673,-82.3994214
16048 Alberta Dr,39.5488598,-104.8044946
12260 Red Monterey Ct,39.493699,-104.753957
16037 Ledge Rock Dr,39.53606389999999,-104.8033528
17265 E Cranesbill St,39.5409108,-104.7894481
13775 Tall Oaks Loop,39.5315067,-104.8293609
14600 Haflinger Ave,39.5005395,-104.8205416
"Humboldt (Residence 49101) Plan, Anthology",40.7450055,-123.8695086
15438 Coopers Hawk Way,39.5648292,-104.8095517
12246 Blue Fir Ct,39.4935339,-104.755319
"Dillon Plan, Stone Creek Ranch",39.448653,-104.7625671
5241 Raintree Cir,39.445935,-104.7926164
12560 Bradford Dr,39.5320889,-104.8432274
"Avril Plan, Ridgeline at Meridian Village",39.5175575,-104.8165243
12863 Capital Creek St,39.4813559,-104.7753623
"Silverthorne (Residence 39206) Plan, Anthology",39.6296191,-106.0712941
13620 Crane Ct,41.6032207,-73.087749
13630 Crane Ct,41.6032207,-73.087749
13640 Crane Ct,41.6032207,-73.087749
13641 Crane Ct,41.6032207,-73.087749
13631 Crane Ct,41.6032207,-73.087749
13621 Crane Ct,41.6032207,-73.087749
11400 Iron Ore Ct,39.5092721,-104.7848903
17699 Bluetrail Ave,39.5092717,-104.7844494
17691 Bluetrail Ave,39.5092717,-104.7844494
10647 Apishamore Ct,39.5210306,-104.7982467
"Bierstadt (Residence 49205) Plan, Anthology",39.5827653,-105.6686151
17193 Opal Hill Dr,39.5315054,-104.7898812
6373 Ponderosa Way,39.4509108,-104.7155006
12950 S Molly Ct,39.4810395,-104.7658813
17353 Wilde Ave UNIT 305,39.5494439,-104.7886169
6307 Saddle Bow Ave,39.4490599,-104.7710477
"Pine (Residence 34204) Plan, Anthology",27.4461959,-82.5095297
20272 Terrace View Dr,39.4809935,-104.7542249
6327 Old Divide Trl,39.4411762,-104.7688213
10043 Concordia St,39.53396499999999,-104.8154121
5982 Shavano Pl,39.4492323,-104.7163891
12234 Foxtail Pine Ct BUILDING 8,39.494159,-104.754733
12243 Coral Burst Ln,39.49474439999999,-104.7811764
5798 Hidden Oaks Way,39.445861,-104.715651
"Seth Plan, Ridgeline at Meridian Village",39.5175575,-104.8165243
"Hanford Plan, Timbers at the Pinery",39.4429209,-104.707283
14956 Vienna Cir,39.524628,-104.816028
5107 Red Oak Way,39.4365184,-104.7517065
17489 Springfield Dr,39.51505,-104.788222
"Dillon II Plan, Stone Creek Ranch",39.448653,-104.7625671
"Evans (Residence 49201) Plan, Anthology",42.3151209,-84.375233
4999 Caballo Pl,39.446851,-104.7937861
16523 High Desert Pl,39.505903,-104.7990217
10578 Stonemeadow Dr,39.523254,-104.80768
17835 E Cloudberry Dr,39.5411467,-104.7827469
10812 Milliken St,39.520444,-104.790629
8898 Brompton Way,39.555041,-104.77869
12342 S Nate Cir,39.4927637,-104.7645595
17551 Springfield Dr,38.147543,-85.816554
17464 Springfield Ln,39.5130487,-104.7889771
13060 Norway Maple St,39.4793894,-104.7647191
10022 Bristleridge St,39.534485,-104.8228215
17525 Wilde Ave UNIT 308,39.549525,-104.7863382
17933 Coral Burst St,39.4966773,-104.7816985
"European Hillside Turin Plan, Pradera",45.0703393,7.686864
9311 Amison Cir APT 102,39.5477874,-104.8010217
11207 Jordan Ct,39.5172767,-104.79289
18611 Stroh Rd UNIT 5303,39.4794213,-104.7737075
4954 Carefree Trl,39.4316675,-104.7951694
18660 Horse Creek St,39.4818023,-104.7743595
7959 Forest Keep Cir,39.4801299,-104.7283506
14899 Pepper Pike Pl,39.5185877,-104.8151598
5580 Sunridge Dr,39.4426143,-104.7049032
41653 Thunder Hill Rd,39.47462100000001,-104.6225498
16264 White Hawk Dr,39.5166722,-104.8007541
17027 Numa Pl,39.5208315,-104.7906334
12820 Randles Ave,39.4832964,-104.7857095
8801 Eagle Moon Way,39.466405,-104.722487
5771 Distant View Pl,39.4433427,-104.7783936
16460 Martingale Dr,39.5214242,-104.7985658
5211 Moonlight Way,39.4371218,-104.7834763
5581 Twilight Way,39.443485,-104.7866217
11796 Edenfeld St,39.5022552,-104.7778509
5766 Distant View Pl,39.442753,-104.7786671
20181 E Shady Ridge Rd,39.4973742,-104.7541449
5596 Raintree Dr,39.441195,-104.7968106
4740 Sonado Pl,39.444287,-104.798612
10875 Mcharg Ct,39.5180481,-104.816751
10315 Nottingham Dr,39.5282965,-104.849133
17209 Wilde Ave UNIT 205,39.5510425,-104.7895617
7500 E Sunset Trl,39.4858526,-104.7459413
12615 S Robinson Ranch Dr,39.4873805,-104.7532561
14852 Pepper Pike Pl,39.5185877,-104.8151598
14018 Touchstone St,39.5189424,-104.8260296
12193 Skywalk St,39.495495,-104.783955
8400 Witez Ct,39.47370900000001,-104.7302645
17545 Celestine Ct,39.5324711,-104.7859379
5409 Forest View Rd,39.4407883,-104.7172321
11204 Haxtun Ct,39.5164634,-104.7858924
16937 Molina Pl,39.524696,-104.7894937
6586 Windmont Ave,39.4580848,-104.7383078
17041 Hastings Ave,39.5182939,-104.7888555
5885 Bridle Path Ln,39.4347179,-104.7771173
17605 Ponderosa Ave,39.5605798,-104.7858924
19252 E Hollow Creek Dr,39.4897274,-104.7647874
8651 Witez Ct,39.476144,-104.724203
17279 E Twinberry St,39.5401952,-104.7891746
8662 Bluegrass Cir,39.5605532,-104.8001159
7894 Forest Keep Cir,39.483656,-104.733285
5893 Saddle Creek Trl,39.4475297,-104.7532106
15538 Greenstone Cir,39.5388169,-104.8095533
4947 Raintree Dr,39.4369851,-104.7950782
13008 S Stuart Way,39.4799264,-104.7668385
7309 Prairie Star Ct,39.4692752,-104.7267363
5124 Starry Sky Way,39.4364378,-104.7938017
9039 Rambling Oak Pl,39.4416059,-104.7178017
12234 Foxtail Pine Ct,39.494159,-104.754733
8575 Witez Ct,39.4755015,-104.7268012
10687 Evans Ridge Rd,39.440762,-104.689939
7895 Forest Keep Cir,39.4836479,-104.7348215
10006 Brisbane Ln,39.5350392,-104.9355316
9334 Princeton St,39.5463885,-104.9137222
5358 Applebrook Ln,39.5243755,-104.9259725
10269 Rotherwood Cir,39.5289352,-104.9341627
Aspenmeadow Cir,39.5150567,-104.9402016
9415 Princeton Cir,39.5450198,-104.9133116
5039 Ashbrook Cir,39.5310434,-104.9283223
15 Birmingham Ct,38.9954567,-75.5000763
"Coming Soon Plan, Canyon Village",35.884084,-106.311826
9495 Princeton Cir,39.544237,-104.911963
4718 Fenwood Dr,39.5323469,-104.9339117
10081 Blackbird Cir,39.5350016,-104.9146803
10212 Nickolas Ave,39.5309381,-104.9193111
10048 Broome Way,39.5336958,-104.9316075
6462 Silver Mesa Dr UNIT D,39.5546859,-104.916364
6470 Silver Mesa Dr UNIT A,39.554545,-104.915464
8645 Gold Peak Pl UNIT E,39.56007,-104.9162221
8726 Aberdeen Cir,39.5580928,-104.9296455
4575 Fenwood Pl,39.5325892,-104.9355316
8571 Gold Peak Dr UNIT F,39.5602367,-104.91736
8860 Chestnut Hill Way,39.555736,-104.9103689
4911 Montvale Dr,39.5212084,-104.939296
10905 Glengate Cir,39.514441,-104.9318128
8551 Gold Peak Dr,39.5610256,-104.9161973
9380 Weeping Willow Ct,39.54675659999999,-104.9278204
9323 Weeping Willow Pl,39.5481307,-104.9266797
6281 Yale Dr,39.5462968,-104.9147259
8831 Jackdaw St,39.5551389,-104.934516
10198 Kleinbrook Way,39.5280511,-104.9424217
1533 Sunset Ridge Rd,39.5528889,-104.9714459
611 White Cloud Dr,39.5641272,-104.9818064
8468 Thunder Ridge Way UNIT 203,39.5629771,-104.9434893
10969 Skydance Dr,39.5170775,-104.9827265
1255 Goldsmith Dr,39.5482366,-104.9754394
770 Old Stone Dr,39.55842930000001,-104.9773792
2829 Huntsford Cir,39.5327914,-104.956454
4771 Copeland Cir UNIT 203,39.5585889,-104.9372073
8859 Miners Pl,39.5545786,-104.9441101
9303 Cobblecrest Dr,39.5478354,-104.9762381
3557 Craftsbury Dr,39.5218682,-104.9440645
9917 Aftonwood St,39.535774,-104.941995
10841 Backcountry Dr,39.5196848,-104.9856793
620 Huntington Dr,34.1312181,-118.0521392
3 Falcon Hills Dr,39.5591455,-104.9567278
9469 Lark Sparrow Dr,39.5440983,-104.9348471
23 Red Tail Dr,39.5524543,-104.9505215
Iris Ct,41.3210032,-72.9077233
10521 Leahurst Ln,39.5249164,-104.9788583
3379 Darlington Cir,39.5164706,-104.9463461
2803 Timberchase Trl,39.5272639,-104.9565681
4730 Copeland Cir UNIT 204,39.5586069,-104.9358394
10798 Mountshire Cir,39.5191945,-104.9560205
831 Courtland Pl,32.8309832,-96.608002
8437 Thunder Ridge Way UNIT 203,39.56367230000001,-104.9437143
8455 Pebble Creek Way UNIT 203,39.5626397,-104.9440636
9307 Shadowglen Ct,39.5464394,-104.9706244
9292 Rockport Ln,39.54717,-104.9469849
9561 Pendio Ct,39.542284,-104.950678
8353 Sunnyside Ct,39.5633266,-104.9722674
3146 Woodbriar Dr,39.5217917,-104.9521871
9545 Joyce Ln,39.542578,-104.9810761
36 Woodland Cir,39.55,-104.990627
2753 Timberchase Trl,39.5280124,-104.9583935
8318 Stonybridge Cir,39.565193,-104.949704
452 Pine Flower Ct,39.5209345,-104.9944391
8978 Green Meadows Ln,39.5534504,-104.9561802
10235 Charissglen Cir,39.5271611,-104.9620216
4771 Copeland Cir UNIT 204,39.5585889,-104.9372073
10836 Manor Stone Dr,39.5194176,-104.9957052
857 Fairchild Dr,39.532049,-104.978197
10474 Marigold Ct,39.5262869,-104.984933
3730 White Bay Dr,39.5497644,-104.9456412
10710 Manor Stone Dr,39.5215893,-104.9973713
81 Falcon Hills Dr,39.55392399999999,-104.954817
3165 Thistlebrook Cir,39.5296537,-104.9525066
8798 Westwind Ln,39.5574482,-104.958827
9931 Stratford Ln,39.5359381,-104.9636417
683 Ridgemont Cir,39.5293709,-104.9817608
10830 Hickory Ridge St,39.51930730000001,-104.9429465
Royal Eagle Ln,39.5317827,-104.9955001
1401 Carlyle Park Cir,39.54454,-105.006843
1144 Rockhurst Dr UNIT 305,39.5440568,-105.0023339
9201 Roadrunner St,39.5491163,-105.0106551
8949 Delacorte St,39.5535557,-105.0001209
"Greenwich Plan, Cityscape at Highline",39.565922,-105.0210976
86 Whitehaven Cir,39.53096499999999,-104.990074
2787 Golden Eagle Ct,39.54110379999999,-105.0224562
189 Whitehaven Cir,39.530175,-104.988624
10522 Hyacinth St,39.5260027,-105.0187811
"Devoe Plan, Cityscape at Highline",39.565922,-105.0210976
2500 Greensborough Dr,39.556362,-105.0181648
"Soho Plan, Cityscape at Highline",39.565922,-105.0210976
3685 Bucknell Dr,39.5398362,-105.0325233
9205 Ironwood Way,39.5490758,-105.0163615
3418 Oak Leaf Pl,39.5315293,-105.029761
2754 Rockbridge Dr,39.554209,-105.022599
9258 Rockhurst St UNIT 102,39.54553980000001,-104.9987778
725 Elmhurst Dr UNIT 304,39.5448031,-104.9988363
2627 Bitterroot Pl,39.5503794,-105.0198083
2065 Primo Rd UNIT E,39.5630297,-105.0142064
9932 Deer Creek St,39.5363968,-105.028049
9828 Spring Hill Dr,39.53739700000001,-105.020465
2134 Primo Rd UNIT 205,38.1161623,-90.3106504
8839 Edinburgh Cir,39.555575,-105.011743
9458 Wolfe St,39.544081,-105.0101986
8887 Tappy Toorie Cir,39.5544129,-105.0132689
2476 Channel Dr,39.5657324,-105.0185449
762 Shadowstone Dr,39.5270529,-104.9981929
2366 Primo Rd UNIT 206,39.5644937,-105.017319
9622 Mountain Daisy Way,39.5412711,-105.0087378
2646 Channel Dr,39.5654899,-105.0208162
2625 Channel Dr,39.5655981,-105.02052
725 Elmhurst Dr UNIT 310,39.5448031,-104.9988363
8315 Riverscape Ct,39.5655639,-105.019334
2539 Greensborough Dr,39.5566955,-105.0187811
950 Elmhurst Dr UNIT D,39.5438825,-105.0002336
1241 Savannah Sparrow Dr,39.5338693,-105.0034424
2134 Primo Rd UNIT 207,38.1161623,-90.3106504
768 Brookhurst Ave UNIT B,39.5429819,-104.9979875
4123 Forever Cir,39.403069,-104.9068977
3235 Sellman Loop,39.3960933,-104.8967402
3142 Castle Butte Dr,39.3329307,-104.9217
2381 Thistle Ct,39.3892138,-104.9155471
4418 Fell Mist Way,39.4063716,-104.891665
5093 Zion Ct,39.3871147,-104.9172124
1785 Morningview Ln,39.3841455,-104.9038901
3937 Pecos Trl,39.402156,-104.90458
"Daniel Plan, Blacktail at The Meadows",39.3918918,-104.8807233
3725 Wonder Dr,39.40374020000001,-104.9022712
"Devoe Plan, Cityscapes at The Meadows",39.40011399999999,-104.887802
3595 Evening Pl,39.3994821,-104.8806384
3331 Starry Night Loop,39.38158749999999,-104.8987129
2702 Rising Moon Way,39.391467,-104.8853046
"Dayton Plan, Blacktail at The Meadows",39.3918918,-104.8807233
2207 Jute Ln,39.3876333,-104.8733053
1674 Bent Grass Cir,39.3847631,-104.8798279
1335 Freedom Way,39.3810441,-104.8969566
1696 Odyssey Ct,39.3837175,-104.905014
"Hanford Plan, Blacktail at The Meadows",39.3918918,-104.8807233
"Plan 1574 Plan, Meadows Villas",39.398853,-104.893649
1401 Colt Cir,39.3070228,-104.9119163
"Delaney Plan, Blacktail at The Meadows",39.3918918,-104.8807233
"Plan 1763 Plan, Meadows Villas",39.398853,-104.893649
"Soho Plan, Cityscapes at The Meadows",39.40011399999999,-104.887802
"Point Plan, Meadows at Stewart Park : The Ridgeline Collection",39.3950782,-104.89597
2888 Craig Ct,39.3934445,-104.9166649
"Greenwich Plan, Cityscapes at The Meadows",39.40011399999999,-104.887802
"Crest Plan, Meadows at Stewart Park : The Ridgeline Collection",39.3950782,-104.89597
"Prescott Plan, Blacktail at The Meadows",39.3918918,-104.8807233
"Plan 1928 Modeled Plan, Meadows Villas",39.398853,-104.893649
3385 Fantasy Pl,39.3924286,-104.8989638
3323 Gossemer Way,39.3839033,-104.8976637
"Daley Plan, Blacktail at The Meadows",39.3918918,-104.8807233
"Peak Plan, Meadows at Stewart Park : The Ridgeline Collection",39.3950782,-104.89597
2944 Setting Sun Ave,39.39403600000001,-104.884198
"Plan 1682 Modeled Plan, Meadows Villas",39.398853,-104.893649
3258 Sellman Loop,39.39448429999999,-104.896984
"Darius Plan, Blacktail at The Meadows",39.3918918,-104.8807233
"Plan 1443 Plan, Meadows Villas",39.398853,-104.893649
"Harris Plan, Blacktail at The Meadows",39.3918918,-104.8807233
"Dillon II Plan, Blacktail at The Meadows",39.3918918,-104.8807233
2385 Robindale Way,39.3889136,-104.9078369
4828 N Bearlily Way,39.409888,-104.897675
2288 Broadleaf Loop,39.3885461,-104.8972987
3518 Corsica Way,39.3996245,-104.8892293
1837 Fringe Ct,39.3848522,-104.8791437
474 Twin Oaks Rd,39.337812,-104.892482
2595 Sweet Wind Ave,39.4060502,-104.8897263
195 Prairie Hawk Dr,39.37107340000001,-104.8665106
1551 Waverton Ranch Rd,39.4169164,-104.9131203
4314 Fell Mist Way,39.404258,-104.892479
3164 W Sugarbowl Ct,39.4115293,-104.8962951
4862 N Silverlace Dr,39.4101791,-104.8960214
3795 Castle Butte Dr,39.3101045,-104.9204162
"Holbrook Plan, Blacktail at The Meadows",39.3918918,-104.8807233
3736 Sanguine Cir,39.40081869999999,-104.8956228
3551 New Haven Cir,39.39752319999999,-104.8842426
1641 Bent Grass Cir,39.3849453,-104.8796454
"Hampton Plan, Blacktail at The Meadows",39.3918918,-104.8807233
1720 Wild Rye Ct,39.3836419,-104.8790068
2828 Dreamcatcher Loop,39.393258,-104.900813
3353 Umber Cir,39.3974063,-104.8990503
3445 New Haven Cir,39.3987611,-104.8836445
3257 Sellman Loop,39.3960933,-104.8967402
1423 Candleglow St,39.3813886,-104.8979602
3304 Dawn Glow Way,39.3818332,-104.8967
1801 Promontory Dr,39.337402,-104.921646
1255 Bulrush Dr,39.3877739,-104.8752666
3920 Sunridge Terrace Dr,39.4018472,-104.9105514
2205 Stevens Ct,39.329275,-104.925827
3406 New Haven Cir,39.3989637,-104.8846621
4949 Rock Creek Dr,39.4107505,-104.9098443
2024 Wood Thrush Way,39.37277419999999,-104.8841205
4358 Fell Mist Way,39.405336,-104.892231
2810 Shadow Dance Dr,39.3929878,-104.8921848
1518 Chimney Peak Dr,39.380632,-104.873313
3280 Blue Grass Cir,39.4141508,-104.8959302
2530 Castle Butte Dr,39.310741,-104.932271
"Pearl Plan, Bella Mesa",39.3665884,-104.7977001
"HAYDEN Plan, Crystal Valley",39.32151,-104.839357
3408 Grey Ct,39.3975467,-104.8511625
"Peridot Plan, Bella Mesa",39.3665884,-104.7977001
3952 Heatherglenn Ln,39.3365216,-104.8340159
"CHATHAM Plan, Crystal Valley Pine Ridge",39.32151,-104.839357
"Ponderosa Plan, Cliffrose at Homestead at Crystal Valley",39.3255729,-104.8423538
"Sunstone Plan, Seasons at The Oaks",39.3556009,-104.8154244
5347 Gray Wolf Ln,39.3890371,-104.8469607
"Lapis Plan, The Grove at Crystal Valley",39.3394757,-104.8411745
"Lapis Plan, Bella Mesa",39.3665884,-104.7977001
600 Darby Ct,39.3646635,-104.7937106
"Ammolite Plan, Seasons at The Oaks",39.3556009,-104.8154244
"GALEN Plan, Crystal Valley",39.32151,-104.839357
271 N Ridge Rd,39.365737,-104.8242359
"Hemingway Plan, Carriage Hills at Crystal Valley",39.3218555,-104.8358543
156 S Quicksilver Ave,39.368271,-104.8021218
1136 Halfmoon Dr,39.3355495,-104.8505012
1524 Ebony Dr,39.3566968,-104.859212
211 Las Lunas St,39.3722495,-104.8169852
3614 Crosshaven Ct,39.3392044,-104.8656883
"Fallon Plan, Seasons at Cliffrose at Homestead",39.337086,-104.8324466
"HERRING Plan, Crystal Valley",39.32151,-104.839357
2959 Newport Cir,39.344924,-104.865745
"Amethyst Plan, Seasons at The Oaks",39.3556009,-104.8154244
4556 Rapport Dr,39.3559485,-104.8158327
"Seth Plan, Cliffrose at Homestead at Crystal Valley",39.3255729,-104.8423538
"Hemingway Plan, The Grove at Crystal Valley",39.3394757,-104.8411745
5044 Eckert St,39.3574401,-104.810146
"NEWCASTLE Plan, Crystal Valley Pine Ridge",39.3372531,-104.8512143
"Seth Plan, Carriage Hills at Crystal Valley",39.3218555,-104.8358543
"Alexandrite Plan, Seasons at The Oaks",39.3556009,-104.8154244
2360 Oak Vista Ct,39.38441720000001,-104.8375727
2517 Innisbrook Ct,39.3487452,-104.8632027
"Coming Soon Plan, Sunstone Village at Terrain",39.3810254,-104.8118353
"Citrine Plan, The Grove at Crystal Valley",39.3394757,-104.8411745
"Onyx Plan, Bella Mesa",39.3665884,-104.7977001
"Lapis Plan, Seasons at Cliffrose at Homestead",39.337086,-104.8324466
3133 Bittern St,39.34230660000001,-104.8359727
717 Chandelle Rd,39.301464,-104.872693
"Citrine Plan, Seasons at The Oaks",39.3556009,-104.8154244
"Fleming Plan, Seasons at Cliffrose at Homestead",39.337086,-104.8324466
"CALI Plan, Crystal Valley",39.3255729,-104.8423538
"Alexandrite Plan, Bella Mesa",39.3665884,-104.7977001
39 Gordon Dr,39.3707033,-104.8371395
"Plan 1738 Plan, Terrain - Ranch Villa Collection",39.375725,-104.818213
"HOLCOMBE Plan, Crystal Valley Pine Ridge",39.3372531,-104.8512143
"Moonstone Plan, Seasons at The Oaks",39.3556009,-104.8154244
"Palisade (Residence 39102) Plan, Homestead at Crystal Valley",39.3255729,-104.8423538
"Daniel Plan, Cliffrose at Homestead at Crystal Valley",39.3255729,-104.8423538
"Dillon Plan, Carriage Hills at Crystal Valley",39.3218555,-104.8358543
"Plan 1689 Plan, Terrain - Ranch Villa Collection",39.375725,-104.818213
"Onyx Plan, Seasons at The Oaks",39.3556009,-104.8154244
"Adderbrooke Plan, Enclave at Founder's Village",39.3758,-104.8086
"Foster Plan, Seasons at Cliffrose at Homestead",39.337086,-104.8324466
"Telluride (Residence 39103) Plan, Homestead at Crystal Valley",39.3255729,-104.8423538
"Onyx Plan, The Grove at Crystal Valley",39.3394757,-104.8411745
"Powell Plan, Cliffrose at Homestead at Crystal Valley",39.3255729,-104.8423538
"SIENNA Plan, Crystal Valley Pine Ridge",39.3372531,-104.8512143
"Amethyst Plan, Bella Mesa",39.3665884,-104.7977001
"Plan 1780 Modeled Plan, Terrain - Ranch Villa Collection",39.375725,-104.818213
"Coronado Plan, The Grove at Crystal Valley",39.3394757,-104.8411745
"Berkshire Plan, Enclave at Founder's Village",39.3758,-104.8086
"Moonstone Plan, Seasons at Cliffrose at Homestead",39.337086,-104.8324466
"Silverthorne (Residence 39206) Plan, Homestead at Crystal Valley",39.3255729,-104.8423538
"Sunstone Plan, Bella Mesa",39.3665884,-104.7977001
"Hemingway Plan, Cliffrose at Homestead at Crystal Valley",39.3255729,-104.8423538
1346 Bonnyton Pl,39.35401,-104.848644
"Delaney Plan, Cliffrose at Homestead at Crystal Valley",39.3255729,-104.8423538
"Vail (Residence 39208) Plan, Homestead at Crystal Valley",39.3255729,-104.8423538
"Amethyst Plan, The Grove at Crystal Valley",39.3394757,-104.8411745
555 Whisper Wind Ln UNIT 101,39.374259,-104.801122
5891 Clover Ridge Cir,39.3201347,-104.8281679
"Plan 1789 Plan, Terrain - Ranch Villa Collection",39.375725,-104.818213
"Greystone Plan, Enclave at Founder's Village",39.3758,-104.8086
"Copper (Residence 29203) Plan, Homestead at Crystal Valley",39.3255729,-104.8423538
2117 Villageview Ln,39.3890371,-104.8469607
"Citrine Plan, Bella Mesa",39.3665884,-104.7977001
"Pinecrest Plan, Cliffrose at Homestead at Crystal Valley",39.3255729,-104.8423538
"Lapis Plan, Seasons at The Oaks",39.3556009,-104.8154244
4057 John Ct,39.3355204,-104.8404681
"Pearl Plan, Seasons at Cliffrose at Homestead",39.337086,-104.8324466
"Mercury (Residence 29202) Plan, Homestead at Crystal Valley",39.3255729,-104.8423538
"Plan 1552 Modeled Plan, Terrain - Ranch Villa Collection",39.375725,-104.818213
"PENDLETON Plan, Crystal Valley Pine Ridge",39.32151,-104.839357
"Avon (Residence 39205) Plan, Homestead at Crystal Valley",39.3255729,-104.8423538
"Essex Plan, Enclave at Founder's Village",39.3650221,-104.8087957
"Arlington Plan, Cliffrose at Homestead at Crystal Valley",39.3255729,-104.8423538
"Coral Plan, Bella Mesa",39.3665884,-104.7977001
3248 Mccracken Ln,39.3425186,-104.8578893
"Daniel Plan, Carriage Hills at Crystal Valley",39.3218555,-104.8358543
"HENLEY Plan, Crystal Valley Pine Ridge",39.3372531,-104.8512143
"Coventry Plan, Enclave at Founder's Village",39.3758,-104.8086
"Plan 1632 Plan, Terrain - Ranch Villa Collection",39.375725,-104.818213
"Fraser (Residence 36204) Plan, Homestead at Crystal Valley",39.3255729,-104.8423538
4352 Las Lunas Ct,39.37135809999999,-104.8174411
"Avalon Plan, Cliffrose at Homestead at Crystal Valley",39.3255729,-104.8423538
"NEUVILLE Plan, Crystal Valley",39.32151,-104.839357
"Durango (Residence 36203) Plan, Homestead at Crystal Valley",39.3255729,-104.8423538
2964 Mountain Sky Dr,39.3358813,-104.8310063
"Dresden Plan, Enclave at Founder's Village",39.3758,-104.8086
3250 Nellies Way,39.3146577,-104.8411297
"Peridot Plan, Seasons at Cliffrose at Homestead",39.337086,-104.8324466
"Coral Plan, The Grove at Crystal Valley",39.3394757,-104.8411745
"Peridot Plan, Seasons at The Oaks",39.3556009,-104.8154244
1644 Ridgetrail Ln,39.3828374,-104.8405824
"Yorktown Plan, Cliffrose at Homestead at Crystal Valley",39.3255729,-104.8423538
2908 Echo Park Dr,39.320523,-104.8311734
5153 Ditmars Trl,40.769029,-73.86851539999999
3403 Cade Ct,39.34005440000001,-104.8439784
1917 Villageview Ln,33.8356484,-84.12751639999999
"Arlington Plan, Cliffrose at Homestead at Crystal Valley",39.3255729,-104.8423538
1803 Avenida Del Sol,39.40887379999999,-104.8412177
2540 Saddleback Dr,39.38675,-104.8354751
"Hopewell Plan, The Grove at Crystal Valley",39.3394757,-104.8411745
"Plan 1498 Plan, Terrain - Ranch Villa Collection",39.375725,-104.818213
702 Stafford Cir,39.352245,-104.851945
"Patterson Plan, Cliffrose at Homestead at Crystal Valley",39.3255729,-104.8423538
5778 High Timber Cir,39.321499,-104.8395383
2030 Champions Cir,39.3519779,-104.8595312
5011 Silver Hare Ct,41.6032207,-73.087749
"Avril Plan, Cliffrose at Homestead at Crystal Valley",39.3255729,-104.8423538
"Coral Plan, Seasons at The Oaks",39.3556009,-104.8154244
1989 Wild Star Way,39.38574070000001,-104.8316515
3029 Masters Point,39.3435712,-104.8647306
5123 Ditmars Ln,39.29520369999999,-104.8427371
"Decker Plan, Cliffrose at Homestead at Crystal Valley",39.3255729,-104.8423538
214 S Oman Rd,39.368251,-104.849149
16 Sheldon Ave,39.3700153,-104.7860519
"Cobalt (Residence 29201) Plan, Homestead at Crystal Valley",39.3255729,-104.8423538
"Pendleton Plan, Cliffrose at Homestead at Crystal Valley",39.3255729,-104.8423538
6985 Fallon Cir,39.37057710000001,-104.7890606
"Platinum (Residence 29204) Plan, Homestead at Crystal Valley",39.3255729,-104.8423538
3987 Lions Paw St,39.3365336,-104.8495752
1839 Avenida Del Sol,39.408714,-104.840674
420 Eaglestone Dr,39.3345689,-104.8574333
470 Whisper Wind Ln UNIT 104,39.373711,-104.80144
5628 Canyon View Dr UNIT 44,39.375282,-104.80317
5624 Canyon View Dr UNIT 43,39.375273,-104.803254
5636 Canyon View Dr UNIT 45,39.375291,-104.803081
1535 Dewfrost Pl,39.3346213,-104.8474229
204 Cheney Pl,39.34464,-104.8592576
5215 Ditmars Trl,40.769029,-73.86851539999999
654 Pitkin Way,39.3640151,-104.8111035
348 Castlemaine Ct,39.3372826,-104.8592804
228 Emerald Dr,39.3491325,-104.8590067
"Aspen (Residence 39209) Plan, Homestead at Crystal Valley",39.3255729,-104.8423538
1430 Glade Gulch Rd,39.308449,-104.8615836
2325 Oxbow Ct,39.31173,-104.8431279
5919 Clover Ridge Cir,39.3197546,-104.8282604
2405 Flower Field Pl,39.3370975,-104.8373675
2090 Summerfield Dr,39.359023,-104.8370483
5217 Ditmars Ln,39.29520369999999,-104.8427371
2000 June Ct,39.352721,-104.852962
5918 Plains End Ct,39.3204318,-104.8428701
5310 High Plains Pl,39.3672146,-104.806909
1450 Gentry Pl,39.3309524,-104.8475047
4311 Decatur Ave,39.3661967,-104.8176865
488 Whisper Wind Ln UNIT 111,39.37368,-104.8013409
835 Appleby Pl,39.3521503,-104.8504328
2163 Sierra Verde Ct,39.407504,-104.8397729
20 Wilcox St UNIT 313,39.3699094,-104.859554
4052 Serenade Rd,39.30534,-104.851288
5299 E Hamilton Ave,39.3640894,-104.807855
275 S Pembrook St,39.36703869999999,-104.8101004
2505 Valley Oak Rd,39.355023,-104.836637
3532 Bell Mountain Dr,39.3110553,-104.8731913
1005 S Gilbert St UNIT C,39.3615239,-104.8460806
859 Eveningsong Dr,39.3370902,-104.8534427
1362 Double Eagle Ct,39.35809990000001,-104.8526902
2287 Sandhurst Dr,39.3617962,-104.8343123
2180 Shadow Creek Dr,39.3204844,-104.8382872
283 W Prestwick Way,39.3427144,-104.8630886
803 Valhalla St,39.3831552,-104.8520062
873 Lake Gulch Rd,39.349646,-104.83587
645 Gardner St,39.3643616,-104.7919098
5178 Galena Ave,39.3640729,-104.8082881
7628 Pineridge Ter,39.4693446,-104.9113726
"4085 Traditions Plan, Reserve at The Canyons",39.4607412,-104.8508801
862 Meadow Ln,40.8575867,-72.4271186
"HASWELL Plan, Ravenwood at Terrain",39.3819386,-104.8088789
"5084 Enclave Plan, Retreat at The Canyons",39.4602246,-104.8503848
2744 Red Bird Trl,39.392513,-104.818849
"5099 The Walton Plan, Luxe at The Canyons",39.4618181,-104.8602446
"Dillon II Plan, The Landing at Cobblestone Ranch",39.4231256,-104.7947579
"4086 Legacy Plan, Reserve at The Canyons",39.4607412,-104.8508801
"5085 Preserve Plan, Retreat at The Canyons",39.4602246,-104.8503848
"Coming Soon Plan, Macanta Destination Collection",39.4551176,-104.8854792
"Plan 3 Plan, Vector at The Canyons",39.4607412,-104.8508801
1839 Pinion Wing Cir,39.3836962,-104.8061354
"4084 Legends Plan, Reserve at The Canyons",39.4607412,-104.8508801
"Harris Plan, The Landing at Cobblestone Ranch",39.4231256,-104.7947579
1136 Castle Pines Dr N,39.4426224,-104.9006086
1062 Snow Lily Ct,39.4703796,-104.9052677
"DILLON Plan, Ravenwood at Terrain",39.3819386,-104.8088789
"5082 Homestead Plan, Retreat at The Canyons",39.4602246,-104.8503848
"Coming Soon Plan, Macanta City Collection",40.0897786,-104.9571676
1167 Berganot Trl,39.479871,-104.9083409
1138 Castle Pines Dr N,39.4426224,-104.9006086
1139 Castle Pines Dr N,39.4426224,-104.9006086
1137 Castle Pines Dr N,39.4426224,-104.9006086
"Eliot (Residence 40122) Plan, Skyline Ridge at Castle Pines",39.457261,-104.880036
"Arlington Plan, The Landing at Cobblestone Ranch",39.4231256,-104.7947579
"4082 Heritage Plan, Reserve at The Canyons",39.4607412,-104.8508801
"Coming Soon Plan, Macanta Expedition Collection",39.417607,-104.829273
"Dartmouth (Residence 50351) Plan, Skyline Ridge at Castle Pines",39.457261,-104.880036
"Plan 2282 Modeled Plan, The Canyons - Classic Collection",39.45383899999999,-104.85496
"ARVADA Plan, Ravenwood at Terrain",39.3819386,-104.8088789
"Delaney Plan, The Reserve at Cobblestone Ranch",39.42402999999999,-104.789929
"Ballesteros Plan, Castle Valley : The Legends Collection",39.4629531,-104.8799874
"Keystone II Plan, Timberline Destination Collection",39.4548016,-104.8853719
"Eldora II Plan, Timberline Destination Collection",39.4548016,-104.8853719
"Loma Plan, Ravenwood at Terrain",39.3819386,-104.8088789
"Flatiron Plan, Timberline City Collection",39.4551176,-104.8854792
"Residence 3501 Plan, Prelude Collection in Ravenwood Village at Terrain",39.380938,-104.81133
"Two Plan, Prato in the Village at Castle Pines",39.4266,-104.903476
"SuperHome Plan, Castle Valley : The Grand Collection",39.4629531,-104.8799874
"Rembrandt (Residence 60254) Plan, Skyline Ridge at Castle Pines",39.457261,-104.880036
"4072 Emerson Plan, Gallery at The Canyons",39.4592895,-104.856777
"Huntington Plan, Castle Valley : The Monarch Collection",39.4629531,-104.8799874
"Residence 4503 Plan, Solis at The Canyons",39.4570479,-104.8554467
"5075 Hyde Plan, Luxe at The Canyons",39.4618181,-104.8602446
"Cortez Plan, Timberline City Collection",39.4551176,-104.8854792
"Delaney Plan, The Landing at Cobblestone Ranch",39.4231256,-104.7947579
1749 Stable View Dr,39.452235,-104.8548227
1751 Stable View Dr,39.4522796,-104.8549681
"Residence 3504 Plan, Prelude Collection in Ravenwood Village at Terrain",39.380938,-104.81133
"5081 Sanctuary Plan, Retreat at The Canyons",39.4602246,-104.8503848
742 Norwich Ct,39.4676055,-104.8993972
"4074 Corbett Plan, Gallery at The Canyons",39.4592895,-104.856777
"Residence One Plan, The Canyons by Berkeley Homes",39.45324979999999,-104.8545571
"Decker Plan, The Reserve at Cobblestone Ranch",39.42402999999999,-104.789929
"Columbine Plan, Timberline Destination Collection",39.5877657,-105.0694295
2011 Pinion Wing Cir,39.3845891,-104.805645
"BRANSON Plan, Overlook at Ravenwood",36.6436731,-93.21851439999999
"The Genesee Plan, Castle Valley: The Town Collection",39.465811,-104.879632
7193 Bedlam Dr,39.4668406,-104.8787205
7199 Bedlam Dr,39.466912,-104.878781
7189 Bedlam Dr,39.466774,-104.8786582
6723 Esmeralda Dr,39.4257672,-104.7777394
"Residence 3505 Plan, Prelude Collection in Ravenwood Village at Terrain",39.380938,-104.81133
"Kipling (Residence 40223) Plan, Skyline Ridge at Castle Pines",39.457261,-104.880036
"Silverleaf Plan, Castle Valley : The Grand Collection",39.4629531,-104.8799874
"4075 Zolla Plan, Gallery at The Canyons",39.4592895,-104.856777
"Stonehaven Plan, Castle Valley : The Monarch Collection",39.4629531,-104.8799874
"Hanford Plan, The Landing at Cobblestone Ranch",39.4231256,-104.7947579
"5074 Stonehaven Plan, Luxe at The Canyons",39.4618181,-104.8602446
7194 Finsberry Way,39.4669237,-104.8792486
983 Glen Oaks Ave,39.4773423,-104.9045066
"Residence 3502 Plan, Prelude Collection in Ravenwood Village at Terrain",39.380938,-104.81133
"Wellington Plan, Castle Valley : The Grand Collection",39.4629531,-104.8799874
18 Borealis Way,39.442549,-104.889249
"Glenwood Plan, Timberline City Collection",39.5505376,-107.3247762
"Trevino Plan, Castle Valley : The Legends Collection",39.4629531,-104.8799874
"Yale (Residence 50151) Plan, Skyline Ridge at Castle Pines",39.457261,-104.880036
"Doyle (Residence 40120) Plan, Skyline Ridge at Castle Pines",39.457261,-104.880036
"The Buena Vista Plan, Castle Valley: The Town Collection",39.465811,-104.879632
"Prescott Plan, The Landing at Cobblestone Ranch",39.4231256,-104.7947579
"JULESBURG Plan, Ravenwood at Terrain",40.98832580000001,-102.2643519
"5072 Stratton Plan, Luxe at The Canyons",39.4618181,-104.8602446
"Monet (Residence 60150) Plan, Skyline Ridge at Castle Pines",39.457261,-104.880036
4340 Chateau Ridge Rd,39.425616,-104.8944
"Residence Two Plan, The Canyons by Berkeley Homes",39.45324979999999,-104.8545571
"5086 Haven Plan, Retreat at The Canyons",39.4602246,-104.8503848
"Hemingway Plan, The Landing at Cobblestone Ranch",39.4231256,-104.7947579
"Ashbrook I Plan, Castle Valley : The Monarch Collection",39.4629531,-104.8799874
"Copper Plan, Timberline Destination Collection",39.4548016,-104.8853719
"Melody Plan, The Landing at Cobblestone Ranch",39.4231256,-104.7947579
"BRANSON Plan, Ravenwood at Terrain",36.6436731,-93.21851439999999
"Columbia (Residence 50152) Plan, Skyline Ridge at Castle Pines",39.457261,-104.880036
"5071 Belcourt Plan, Luxe at The Canyons",39.4618181,-104.8602446
"Prescott Plan, Castle Valley : The Grand Collection",39.4629531,-104.8799874
"HASWELL Plan, Overlook at Ravenwood",39.3822433,-104.8118767
6902 Sulfur Ln,39.4261699,-104.8468045
1015 Pinefield Ln,39.4647629,-104.9052593
"The Nederland Plan, Castle Valley: The Town Collection",39.465811,-104.879632
6552 Merrimack Dr,39.457927,-104.878289
"Daniel Plan, The Reserve at Cobblestone Ranch",39.42402999999999,-104.789929
7115 Parkwood Ln,39.4653452,-104.9110989
"Bronte (Residence 40224) Plan, Skyline Ridge at Castle Pines",39.457261,-104.880036
149 W Juan Way,39.50050299999999,-104.886712
6388 Agave Ave,39.42140699999999,-104.797275
"Matisse (Residence 60253) Plan, Skyline Ridge at Castle Pines",39.457261,-104.880036
"Holbrook Plan, The Landing at Cobblestone Ranch",39.4231256,-104.7947579
"Hopewell Plan, The Landing at Cobblestone Ranch",39.4231256,-104.7947579
1358 Galactic Pl,39.4332188,-104.8478789
"Dillon Plan, Timberline City Collection",39.6302643,-106.0433518
7378 Geode Ct,39.4302876,-104.8405824
2145 Beechnut Pl,39.4119918,-104.83983
1418 Pineridge Ln,39.471943,-104.91248
7289 Grady Cir,39.4219124,-104.7770033
1681 Pinion Wing Cir,39.3830584,-104.8059269
6021 Castlegate Dr UNIT E33,39.4193489,-104.883901
326 E Oak Hills Dr,39.4846007,-104.8793489
7040 Azurite Ct,39.4279766,-104.8524166
9424 N Palomino Dr,39.498768,-104.877679
6749 Mentha Dr,39.425989,-104.7944349
911 Bramblewood Dr,39.4861289,-104.9027959
1076 Deer Clover Way,39.470662,-104.9062858
2515 Cutters Cir APT 103,39.4195842,-104.836439
1312 Forest Trails Dr,39.4635778,-104.910848
8429 Winter Berry Dr,39.4850822,-104.9071754
"Daniel Plan, The Landing at Cobblestone Ranch",39.4231256,-104.7947579
6734 Solana Dr,39.4895809,-104.9102777
6157 Massive Peak Loop,39.454226,-104.897824
7 Tauber Dr,39.4804833,-104.9037767
"ARVADA Plan, Overlook at Ravenwood",39.8027644,-105.0874842
"Renoir (Residence 60252) Plan, Skyline Ridge at Castle Pines",39.457261,-104.880036
3205 Country Club Pkwy,39.43688,-104.911998
279 Clare Dr,40.2579987,-80.16948
1548 Wingfeather Ln,39.3812294,-104.8084611
880 Wolverine Ct,39.454042,-104.912097
6802 Esmeralda Dr,39.425789,-104.776277
8511 Brambleridge Dr,39.4853813,-104.9030696
5109 Pine River Trl,39.4241198,-104.8867384
6889 Murphy Creek Ln,39.4629345,-104.8859412
7512 Blue Water Ln,39.42001,-104.7853453
4692 Silver Pine Dr,39.4084236,-104.8375727
6696 Kenzie Cir,39.4592152,-104.8830801
7116 Medalist Ct,39.4658665,-104.8822834
6665 Merrimack Dr,39.4588,-104.8798102
"Yorktown Plan, The Landing at Cobblestone Ranch",39.4231256,-104.7947579
3448 Ghost Dance Dr,39.3826202,-104.8249634
6677 Merrimack Dr,39.4588,-104.8798102
880 Diamond Ridge Cir,39.4170175,-104.8537164
355 Crossing Cir,39.491707,-104.8939089
1082 Country Club Estates Dr,39.459851,-104.906293
657 Clarendon Loop,39.469794,-104.897194
90 Croft Ct,39.4662116,-104.8879472
6880 Hyland Hills St,39.462671,-104.880907
7658 Greenwater Cir,39.423947,-104.787742
741 Deer Clover Cir,39.4727181,-104.9005377
184 Morgan Pl,39.444063,-104.908927
6167 Diamond Ridge Pkwy,39.4202287,-104.8465336
1389 Pineridge Ct,39.4712907,-104.9120191
7707 Buffalo Trl,39.4749393,-104.9122862
6740 Tremolite Dr,39.4243958,-104.8562019
4797 Basalt Ridge Cir,39.3810848,-104.8136428
"Cornell (Residence 50255) Plan, Skyline Ridge at Castle Pines",39.457261,-104.880036
755 Belfry Ct,39.431325,-104.909282
770 International Isle Dr,39.432714,-104.906312
7111 Serena Dr,39.49125129999999,-104.9064227
771 International Isle Dr,39.4332939,-104.905777
1206 Wildcat Bend Ct,39.4562891,-104.9134735
1276 Buffalo Ridge Rd,39.4754659,-104.9087266
6595 Steuben Way,39.4571757,-104.8828676
1471 Olde Happy Canon Rd,39.474701,-104.9117429
1471 Olde Happy Canon Rd,39.474701,-104.9117429
1886 Wingfeather Ln,39.3845288,-104.8061108
1862 Wingfeather Ln,39.3843546,-104.8062156
7478 Sapphire Point Blvd,39.431003,-104.862917
7436 Sapphire Point Blvd,39.431119,-104.86075
100 Coulter Pl,39.437662,-104.905002
1375 Mcmurdo Trl,39.3814112,-104.8181073
6173 Massive Peak Cir,39.458771,-104.897937
3293 Arroyo Verde Way,39.3968976,-104.8276548
1838 Pinion Wing Cir,39.3834859,-104.8054856
5742 Amber Ridge Pl,39.4867527,-104.9222312
7224 Cerney Cir,39.4668018,-104.8961583
7139 Bellcove Trl,38.9602869,-104.7515762
3667 Pleasant View Dr,39.4085967,-104.8025296
989 Preston Ct,39.461253,-104.90069
7147 Bellcove Trl,38.9602869,-104.7515762
8897 Ridgepoint Way,39.491569,-104.889418
6436 Holy Cross Ct,39.4533405,-104.8951633
6558 Kenzie Cir,39.4592152,-104.8830801
5466 Water Oak Cir,39.4146734,-104.8442961
6578 Kenzie Cir,39.4592152,-104.8830801
5311 Mesa Dr,39.4419988,-104.8693827
5291 Mesa Dr,39.4420947,-104.8703178
1949 Canyonpoint Ln,39.460395,-104.8508573
1957 Canyonpoint Ln,31.8553611,-106.4578818
1680 Oakpoint Way,39.4657382,-104.8545242
7146 Bellcove Trl,38.9602869,-104.7515762
1668 Stable View Dr,39.4547445,-104.8551425
465 E Oak Hills Dr,39.487141,-104.8789029
6919 Hyland Hills St,39.4636894,-104.8811172
7133 Bellcove Trl,38.9602869,-104.7515762
7150 Copper Sky Cir,39.4667879,-104.8539681
6199 Saddlesmith St,39.45364259999999,-104.8556003
6708 Tremolite Ct,39.4250638,-104.8551758
74 Broken Tee Ln,39.4601986,-104.8869712
1678 Stable View Dr,39.4544461,-104.8550394
1674 Stable View Dr,39.4545949,-104.855123
84 Broken Tee Ln,39.4601917,-104.8872743
6854 Serena Dr,39.4918118,-104.9095478
619 Cliffgate Ln,39.44621799999999,-104.8879369
8187 Pinewood Dr,39.481369,-104.892995
3365 Softwind Point,39.3895661,-104.827062
98 Crown Point Pl,39.437776,-104.907605
106 Broken Tee Ln,39.4601141,-104.8878267
651 Ruby Trust Dr,39.42586,-104.885225
6231 Sapphire Pointe Blvd,39.4209672,-104.8422241
1066 Cypress Way,39.45814499999999,-104.910331
1764 Mesa Ridge Ln,39.436721,-104.853645
7460 Sapphire Point Blvd,39.431042,-104.861863
6872 Lemon Gulch Dr,39.462068,-104.823626
648 Ruby Trust Dr,39.426581,-104.884412
1103 Northwood Ln,39.462697,-104.906398
984 Preston Ct,39.460867,-104.902501
6930 Tremolite Dr,39.426065,-104.854632
191 Country Club Dr,39.4446269,-104.886644
5 Borealis Way,39.443423,-104.890392
397 Orofino Dr,39.430408,-104.893553
4351 N Us Highway 85,48.1506981,-103.7274628
35 Hummingbird Dr,39.44024,-104.890414
1211 Wildcat Bend Ct,39.4559485,-104.9127958
956 Country Club Pkwy,39.460012,-104.910608
2390 Fremont Ave UNIT A21,39.5865209,-104.9606114
7985 S Logan Dr,39.571076,-104.9836
S Gaylord St,39.6875115,-104.9616869
7523 S Cook Way,39.5795629,-104.9484452
460 E Fremont Pl UNIT 209,39.5839176,-104.9837732
7461 S Forest Ct,39.5815387,-104.9276379
460 E Fremont Pl UNIT 206,39.5839176,-104.9837732
460 E Fremont Pl UNIT 201,39.5839176,-104.9837732
460 E Fremont Pl UNIT 207,39.5839176,-104.9837732
4842 E Hinsdale Pl,39.5812397,-104.9313939
E Geddes Ave,39.5838204,-104.9408686
913 E Nichols Ave,39.5710247,-104.9776986
630 E Hinsdale Ave,39.5826734,-104.9805875
"Coming Soon Plan, 400 Littleton Village",39.58311279999999,-104.9837854
4856 E Hinsdale Pl,39.581003,-104.931216
546 E Hinsdale Ave,39.5823074,-104.982345
7089 S Columbine Way,39.5881762,-104.9483996
7766 S Elizabeth Ct,39.5759573,-104.9568191
7564 S Ogden Way,39.5787358,-104.9755079
7592 S Madison Cir,39.5795378,-104.9465286
6869 S Elizabeth Cir,39.5926631,-104.9554272
7976 S Madison Way,39.5728021,-104.9473044
6861 S Washington St,39.592179,-104.9786571
1413 E Nichols Cir,39.5714654,-104.9717882
7110 S Gaylord St APT K08,39.5886426,-104.9616717
7118 S Vine Cir UNIT E,39.588106,-104.964307
5555 E Briarwood Ave APT 1105,39.5929249,-104.9247943
7185 S Penrose Ct,39.5871951,-104.9799351
6795 S Albion St,39.5932116,-104.9410072
7857 S University Way,39.574488,-104.95984
7409 S Dahlia Ct,39.5829275,-104.9321094
4032 E Hinsdale Cir,39.5810056,-104.939547
460 E Fremont Pl UNIT 202,39.5839176,-104.9837732
7921 S Eudora Cir,39.5726795,-104.9318128
7955 S Eudora Cir,39.5718955,-104.9310143
531 E Nichols Dr,39.5698972,-104.9826736
3140 E Phillips Dr,39.5665277,-104.9504302
8081 S Columbine Ct,39.570864,-104.959052
7121 S Washington St,39.5875604,-104.9786571
885 E Briarwood Cir S,39.59201669999999,-104.9777899
5555 E Briarwood Ave APT 2401,39.5925563,-104.9252958
7692 S Monaco Cir E,39.576299,-104.912412
7553 E Costilla Blvd,39.5933946,-104.9009939
8673 E Long Pl,39.5757887,-104.8879472
6702 S Ivy Way APT B1,39.5943395,-104.9209997
7185 E Dry Creek Cir,39.580258,-104.906359
8601 E Dry Creek Rd UNIT 123,39.5808708,-104.8889941
8240 S Locust Way,39.5676119,-104.9139503
10132 Inverness Main St,39.5789917,-104.8708425
7880 Vallagio Ln,39.576126,-104.869656
7966 E Phillips Cir,39.5664919,-104.896799
7359 S Ivy Way,39.5826025,-104.9225277
12829 Mayfair Way UNIT A,39.5385121,-104.8418593
6741 S Leyden Ct,39.5940902,-104.9149997
8072 S Niagara Way,39.5698336,-104.9117604
15700 E Jamison Dr UNIT 2308,39.5781807,-104.8047447
7092 S Newport St,39.5888554,-104.9103461
9079 E Panorama Cir UNIT 303,39.5801435,-104.8838596
6718 S Niagara Ct,39.5944335,-104.9111673
15700 E Jamison Dr UNIT 305,39.5783722,-104.8057464
15700 E Jamison Dr UNIT 103,39.5783722,-104.8057464
7820 Inverness Blvd UNIT 306,39.5786775,-104.8698185
15778 E Broncos Pl,39.5770459,-104.8050437
7865 Vallagio Ln UNIT 107,39.5769996,-104.8705663
7064 E Appleton Cir,39.594842,-104.906878
5952 E Irish Pl,39.5788861,-104.9192427
303 Inverness Way S UNIT 106,39.5658625,-104.8656135
7029 S Locust Pl,39.5885695,-104.9140416
8200 S Locust Way,39.5682225,-104.9145662
6797 E Phillips Pl,39.5663061,-104.9110989
7842 E Briarwood Blvd,39.5925976,-104.8980286
15700 E Jamison Dr UNIT 202,39.5783722,-104.8057464
7987 S Roslyn Way,39.5712507,-104.901222
15886 E Otero Ave,39.56774559999999,-104.8047659
8181 S Mobile Way,39.5673748,-104.7987026
7517 E Davies Pl,39.58927790000001,-104.9016782
7373 E Fremont Dr,39.5822739,-104.9030172
7852 S Wheeling Ct,39.57371,-104.831832
7746 S Saulsbury St,39.5764131,-105.0760858
6794 S Yates Ct,39.593203,-105.0535725
9714 W Elmhurst Pl,39.5729622,-105.1069153
9228 W Ontario Dr,39.593323,-105.101772
9612 W Walden Ave,39.57509,-105.1054537
8394 S Brentwood St,39.5644674,-105.0908832
8356 S Garland Cir,39.5652789,-105.102704
4431 W Caspian Cir,39.5859313,-105.0448283
8925 W Teton Cir,39.56047179999999,-105.0980998
6469 W David Dr,39.57424290000001,-105.0689159
9701 W Chatfield Ave UNIT C,39.569655,-105.104791
7294 S Upham Ct,39.5837633,-105.080196
7477 S Pierce Ct,39.5816764,-105.0738937
8354 S Brentwood St,39.565087,-105.0909746
8337 S Upham Way APT 208,39.56529860000001,-105.0800343
8331 S Upham Way APT 104,39.5656782,-105.0799784
8354 S Holland Way UNIT 306,39.5650321,-105.1037764
7671 S Kendall Blvd,39.5774621,-105.0657649
7551 Polo Ridge Dr,39.5791992,-105.0427507
8404 S Everett Way APT E,39.56449550000001,-105.0978257
8634 W Indore Pl,39.5810964,-105.0940804
8391 S Upham Way APT 211,39.5647163,-105.0819261
5536 W Indore Dr,39.5811326,-105.0580018
7095 S Webster St,39.588029,-105.080509
8376 S Pierce Way,39.563809,-105.0734827
7910 W Meadow Dr,39.5629953,-105.0870924
7180 S Sheridan Blvd,39.5889133,-105.0534811
7026 W Portland Ave,39.58985,-105.075456
7797 S Field St,39.575594,-105.099257
7757 S Field St,39.576217,-105.099245
7777 S Field St,39.575906,-105.099251
7807 S Field St,39.5752809,-105.099261
7100 S Platte Canyon Rd,39.5876489,-105.0470656
9845 W Hinsdale Pl,39.583661,-105.107935
8251 S Teller Way,39.567053,-105.0785063
7788 W Plymouth Pl,39.5915836,-105.0858136
7700 W Glasgow Pl APT 24D,39.582308,-105.083257
6840 S Sheridan Blvd,39.5927898,-105.0531158
7772 W Alder Dr,39.5666085,-105.0860419
5534 W Canyon Trl APT C,39.57482299999999,-105.058786
7886 S Pierce Way,39.5741006,-105.073574
7145 S Polo Ridge Dr,39.5856486,-105.0475679
9600 W Chatfield Ave UNIT A,39.566438,-105.103813
8344 S Estes St,39.5650807,-105.0960901
6859 S Iris St,39.5904,-105.106698
5576 W Indore Dr,39.58111040000001,-105.0586183
7664 S Platteview Dr,39.5778112,-105.0454903
6990 S Polo Ridge Dr,39.5876559,-105.0449196
7452 S Utica St,39.5813254,-105.0480245
8654 W Indore Pl,39.581133,-105.0944001
6898 S Yukon Ct,39.5913399,-105.0815433
5873 W Alder Ave,39.569354,-105.0617006
8146 S Dover St,39.56899,-105.0941
7539 W Portland Ave,39.5915016,-105.078482
7135 S Polo Ridge Dr,39.5856206,-105.046883
9619 W Chatfield Ave,39.5665819,-105.101652
8355 W Stene Dr,39.558183,-105.091616
9721 W Indore Dr,39.583452,-105.106358
7873 S Carr St,39.574003,-105.092718
7439 S Quay Ct,39.5822099,-105.0747842
9001 W Nichols Dr,39.571304,-105.0988763
7534 S Webster St,39.5801112,-105.0806528
6920 S Garrison St,39.5907386,-105.1032155
7160 S Depew St,39.5888817,-105.0590977
8403 S Wadsworth Ct,39.564149,-105.0841922
8812 W Hinsdale Pl,39.5819171,-105.0962271
7860 S Platte Canyon Rd,39.5760872,-105.0525679
6393 S Johnson St,39.6002069,-105.1082857
8481 W Union Ave APT 4-202,39.63349059999999,-105.0934192
5800 Wood Sorrel Dr,39.611764,-105.0432986
9602 W Stetson Pl,39.6334661,-105.105545
2763 E Riverwalk Cir UNIT G,39.6172712,-105.022385
6677 S Yukon Way,39.596688,-105.083302
4443 W Cottonwood Pl,39.5915526,-105.0448511
6011 S Marshall Dr,39.6074537,-105.0690529
9328 W Coal Mine Ave,39.5938,-105.1009651
9703 W Tufts Ave,39.6331386,-105.1062302
8662 W Brittany Dr,39.6081531,-105.0941717
5000 S Stuart Ct,39.63007,-105.042973
5028 W Maplewood Ave,39.605373,-105.051061
32 Brookhaven Pl,39.6068595,-105.0327744
9306 W Maplewood Ave,39.6053944,-105.1018909
6700 W Dorado Dr UNIT 43,39.6162117,-105.0721216
S Benton Way,34.0663672,-118.2799049
S Independence St,39.6232354,-105.105139
19 Willowcroft Dr,39.6093178,-105.0340299
"Belmont Plan, Wild Plum",39.5915448,-105.0378738
5390 S Marshall St,39.6174695,-105.0689387
"Saratoga Plan, Wild Plum",43.0324245,-73.93598209999999
"Churchill Plan, Wild Plum",39.5915448,-105.0378738
8240 W Walker Dr,39.5991009,-105.089239
4875 S Balsam Way UNIT 15-203,39.6292479,-105.0925875
5292 S Everett St,39.6203793,-105.0962728
3690 W Latonka Rd,39.621116,-105.0358106
4355 S Hoyt St,39.6377244,-105.1043574
6368 S Harlan Way,39.6014401,-105.0632076
5419 W Prentice Cir,39.618626,-105.0585498
4896 S Dudley St UNIT 7-4,39.6288586,-105.0951401
8501 W Union Ave UNIT 14,39.6328855,-105.0937151
5514 W Ida Dr,39.6113695,-105.0576365
4401 W Wagon Trail Dr,39.6313662,-105.0431017
5220 Longhorn,42.9505795,-88.0076512
6354 W Burgundy Dr,39.6083929,-105.0667239
2769 W Riverwalk Cir UNIT A,39.6181628,-105.0226917
5562 W Fair Dr,39.6048386,-105.0580931
5770 S Julian St,39.6137117,-105.0303317
6603 W Mississippi Pl UNIT 15,39.6963373,-105.0695096
1155 S Newland St,39.6958173,-105.0695274
1329 S Johnson Ct,39.6935146,-105.1098387
1330 S Yarrow St,39.6915232,-105.083256
7373 W Florida Ave APT 4A,39.6900037,-105.0795567
1410 S Kendall St,39.6909832,-105.0653082
8852 W Louisiana Pl,39.6927714,-105.0967295
1370 S Ammons St,39.6915272,-105.0870924
1622 S Ammons St,39.6880562,-105.0868983
10210 W Idaho Ave,39.6902902,-105.1115745
1888 S Marshall Cir,39.6832687,-105.0674774
1474 S Pierson St APT 65,39.6903555,-105.1218627
1214 S Flower Cir APT E,39.693908,-105.098437
10280 W Jewell Ave APT C,39.681861,-105.11242
6508 W Mississippi Way,39.694986,-105.067896
1165 S Newland St,39.6957403,-105.0695552
1862 S Marshall Cir,39.6842015,-105.0689159
9278 W Utah Ave,39.6830131,-105.1013884
10920 W Florida Ave APT 418,39.6907514,-105.1209544
1876 S Manor Ln,39.6850041,-105.0585269
7525 W Oregon Dr,39.6874005,-105.0804701
1181 S Johnson Way,39.6955964,-105.1098844
1306 S Zephyr Ct,39.6919116,-105.0850828
7030 W Oregon Dr,39.6858255,-105.074807
1881 S Allison St APT C,39.6828709,-105.0864073
7336 W Maryland Ave,33.5310301,-112.2175758
13286 W Center Dr,39.7069473,-105.1485102
370 Zang St APT 7-303,39.7203007,-105.1452206
15235 W La Salle Ave,39.6697359,-105.1719276
12352 W Dakota Dr,39.6990915,-105.1372481
1542 S Youngfield Ct,39.689032,-105.142714
2384 S Ellis St,39.6726482,-105.1581966
15525 W Washburn Ave,39.6684141,-105.1743292
2125 S Nile St,39.676692,-105.1759032
14378 W Yale Pl,39.6689318,-105.1554779
857 S Van Gordon Ct APT E104,39.7004698,-105.1385088
12851 W Jewell Cir,39.6819084,-105.1432331
13367 W Montana Pl,39.6861882,-105.149264
390 Zang St APT 5-101,39.7202257,-105.1437129
12057 W Jewell Dr,39.6806873,-105.1304867
2193 S Yank Way,39.6775145,-105.1413143
13580 W Dakota Pl,39.7086467,-105.1518684
"Harvest 8 Plan, Harvest Portfolio at Solterra",39.6778207,-105.1714315
"Big Sky 5 Plan, Big Sky Portfolio at Solterra",45.26178059999999,-111.3080244
"Big Sky 3 Plan, Big Sky Portfolio at Solterra",45.26178059999999,-111.3080244
"Big Sky 4 Plan, Big Sky Portfolio at Solterra",45.26178059999999,-111.3080244
13804 W Iliff Ave,39.6746209,-105.1556607
"Harvest 10 Plan, Harvest Portfolio at Solterra",39.6778207,-105.1714315
15155 W Washburn Ave,39.6682893,-105.1679978
"Harvest 11 Plan, Harvest Portfolio at Solterra",40.1823607,-104.9650486
"Harvest 9 Plan, Harvest Portfolio at Solterra",39.6778207,-105.1714315
1661 S Cole St UNIT B8,39.6835035,-105.1557421
2838 S Fig St,39.6650479,-105.1577168
14143 W Warren Cir,39.677319,-105.1605497
2344 S Juniper Cir,39.6725772,-105.166645
2592 S Norse Ct,39.6700833,-105.1747363
12150 W Auburn Ave,39.6742329,-105.1308751
13799 W Kentucky Dr,39.6989901,-105.1554779
14355 W Warren Dr,39.675453,-105.1647992
2441 S Holman Cir,39.6721097,-105.1653475
15285 W Auburn Ave,39.672466,-105.1730243
1330 S Foothill Dr,39.6924725,-105.1499951
12739 W Atlantic Ave,39.6802733,-105.1383446
5540 W 6th Ave,36.1160563,-97.1340624
12482 W Nevada Pl,39.6987952,-105.1399208
2256 S Loveland St,39.6745755,-105.1703511
12482 W Nevada Pl APT 102,39.69878509999999,-105.1399545
2167 S Juniper St,39.6764731,-105.1697113
15246 W Iliff Ave,39.6741551,-105.1716168
1078 S Alkire St,39.695777,-105.147402
15294 W Warren Dr,39.6755927,-105.1721789
2270 S Joyce St,39.675329,-105.1670611
15282 W Warren Dr,39.6757503,-105.1721789
13785 W Asbury Cir,39.6815823,-105.1557521
2152 S Yank Way,39.6778208,-105.1404919
14881 W Warren Ave,39.6777336,-105.1674951
13351 W Alameda Pkwy UNIT 401,39.6944765,-105.1497555
832 S Beech St,42.9583834,-71.4554205
15135 W Washburn Ave,39.6683486,-105.1669848
7217 W 1st Pl,39.720189,-105.077571
452 S Robb Way,39.708759,-105.1261468
7435 W Maple Dr,39.71526619999999,-105.080059
7443 W Cedar Cir,39.7132639,-105.0801734
10825 W Exposition Ave,39.7040008,-105.1189747
517 S Upham Ct,39.7066278,-105.0776887
884 S Reed Ct APT H,39.7007632,-105.0729512
805 S Harlan St,39.7019597,-105.0629678
11340 W Exposition Ave,39.70356650000001,-105.1255072
531 S Upham Ct,39.7064543,-105.0776728
5655 W 2nd Ave,39.7200883,-105.0590977
465 Garrison St,39.72360159999999,-105.1006886
501 Garrison St,39.7244162,-105.1006561
320 S Ames St APT 3,39.710557,-105.0541466
870 S Cody St,39.7013026,-105.0919566
350 S Estes St APT B,39.7101002,-105.0952679
423 S Quay St,39.708662,-105.0730865
415 S Reed St,39.7085894,-105.0745626
275 S Jay St,39.7119788,-105.0654024
300 S Pierce St,39.710583,-105.0717016
151 Teller St,39.7196249,-105.0771818
400 S Depew St,39.7092805,-105.0577278
1218 S Reed St,39.6945027,-105.0744488
1220 S Reed St,39.694467,-105.0744485
6045 W Mississippi Ave,39.698567,-105.064307
1010 S Ames St,39.698818,-105.0548409
1049 S Garland Way,39.6972083,-105.1018909
381 S Ames St APT B105,39.7102891,-105.0551786
910 S Wadsworth Blvd,39.6992077,-105.0811311
77 S Ingalls St,39.7154794,-105.0641666
381 S Ames St APT E104,39.7093578,-105.0550218
5211 W 4th Ave APT D,39.7233828,-105.0540406
9835 W Kentucky Dr,39.70016589999999,-105.1075091
120 Garland St,39.7190523,-105.1011144
7650 W 2nd Ave,39.71978319999999,-105.082204
5490 W Center Ave,39.7045877,-105.0564264
16397 E Wyoming Dr,39.6919153,-104.7965143
1642 S Cathay St,39.6866378,-104.7657446
931 S Zeno Way UNIT 202,39.7020939,-104.7729318
1841 S Dunkirk St UNIT 303,39.6824423,-104.7638297
498 S Memphis Way APT B,39.7073049,-104.7977713
"Boston Plan, Urban Collection at Parkway Point",39.7051301,-104.7882415
18978 E Montana Pl,39.6850092,-104.7667474
18992 E Hawaii Dr,39.6874464,-104.7662004
16258 E Exposition Dr,39.7040393,-104.797882
1355 S Cathay St,39.69120729999999,-104.768525
17694 E Ohio Cir,39.702257,-104.781733
1621 S Idalia Cir UNIT D,39.686286,-104.806162
1085 S Lewiston Way,39.696978,-104.7976084
901 S Zeno Way UNIT 101,39.7040317,-104.7744289
"Chicago Plan, Urban Collection at Parkway Point",39.7051301,-104.7882415
931 S Zeno Way UNIT 206,39.7021558,-104.7728068
1645 S Buckley Cir,39.686515,-104.7907246
471 S Kalispell Way APT 106,39.7083674,-104.8020077
16153 E Alaska Pl APT 15,39.7074189,-104.7992841
631 S Pitkin Ct,39.7052408,-104.7882198
1861 S Dunkirk St UNIT 201,39.6828852,-104.7642092
"Riley Plan, Brookhaven",39.6829762,-104.7637163
1408 S Laredo St,39.69153439999999,-104.8006629
1497 S Laredo St,39.6889514,-104.8020307
18330 E Mississippi Ave,39.69650530000001,-104.7724652
1410 S Cathay St,39.6902406,-104.766246
18320 E Mississippi Ave,39.69650530000001,-104.7724652
18302 E Kepner Pl UNIT 102,39.7026376,-104.7747696
"Caden Plan, Brookhaven",39.6829762,-104.7637163
"The Castlewood Plan, East Creek: The Canyon Collection",39.7074719,-104.793805
17322 E Ford Dr,39.6996794,-104.7862115
"Shea Plan, Brookhaven",39.6829762,-104.7637163
"The Eldorado Plan, East Creek: The Canyon Collection",39.7074719,-104.793805
18013 E Ohio Ave APT 202,39.7033967,-104.7801066
17074 E Tennessee Dr APT 103,39.6970256,-104.7893933
1515 S Richfield Way,39.6898866,-104.78571
912 S Yampa St,39.703653,-104.773415
"Ava Plan, Brookhaven",39.6829762,-104.7637163
471 S Kalispell Way APT 308,39.708321,-104.8021999
1163 S Walden Ct,39.6868315,-104.7755978
481 S Kalispell Way APT 105,39.7078795,-104.8022333
453 S Norfolk Way,39.7078994,-104.796264
18153 E Alabama Pl UNIT B,39.693692,-104.77649
469 S Olathe St,39.7085353,-104.7936137
15911 E Dakota Pl APT 103,39.7097014,-104.8004717
480 S Nucla St,39.7081089,-104.7940501
1546 S Richfield Way,39.6892516,-104.7854365
1380 S Idalia St UNIT E,39.6916439,-104.8053981
336 S Memphis Way APT K,39.7106638,-104.8002982
17289 E Tennessee Dr,39.697339,-104.787044
1777 S Mobile St,39.684677,-104.7972893
1122 S Bahama St,39.6959794,-104.7712599
1039 S Walden Way UNIT 251,39.6980089,-104.7747109
1417 S Joplin St,39.6917153,-104.8041279
1655 S Buckley Cir,39.6865051,-104.7904966
1578 S Salida Way,39.6897938,-104.7842968
1011 S Ironton St APT 111,39.6979942,-104.8638234
251 S Newark Cir,39.71190199999999,-104.854383
11217 E Custer Pl,39.7064257,-104.8577069
1182 S Eagle Cir APT C,39.695033,-104.816405
972 S Dearborn Way APT 12,39.6992198,-104.8171781
972 S Dearborn Way APT 13,39.6992842,-104.8171668
14974 E Archer Cir,39.7157533,-104.8136112
11641 E Colorado Dr,39.68323609999999,-104.8532375
112 S Moline St,39.71346399999999,-104.854377
10872 E Iowa Dr,39.6860619,-104.8608994
12483 E Tennessee Cir APT A,39.699074,-104.84478
904 S Peoria St,39.7013109,-104.846947
1543 S Fairplay Way,39.6869175,-104.8135884
1437 S Macon St,39.6913402,-104.8567036
352 S Salem St,39.7093664,-104.8427029
114 S Elkhart St,39.71491930000001,-104.8145686
"Residence 2C-ALT Plan, LIV City Center",39.6992228,-104.8228838
"Residence 2B Plan, LIV City Center",39.6987797,-104.8218084
14463 E Carolina Dr,39.6904636,-104.8201313
"Residence 1A Plan, LIV City Center",39.6992228,-104.8228838
"Residence 2C Plan, LIV City Center",39.6992228,-104.8228838
71 S Sable Blvd APT B12,39.71555499999999,-104.820088
11369 E Louisiana Ave,39.6933883,-104.8553582
63 S Sable Blvd APT E15,39.7152181,-104.8196981
12035 E Oregon Cir,39.6866439,-104.8482666
72A Newark St,39.7167502,-104.8532311
1075 S Elkhart Way APT 302,39.6973622,-104.8158519
12484 E Tennessee Dr,39.699012,-104.845077
14677 E Oregon Dr,39.6860462,-104.8168028
418 S Victor Way,39.7072344,-104.8348595
"Residence 2A Plan, LIV City Center",39.6992228,-104.8228838
14351 E Tennessee Ave UNIT 207,39.6985013,-104.8213063
15035 E Louisiana Dr UNIT B,39.693984,-104.812912
64 Nome Way UNIT D,39.717272,-104.851384
89 Nome Way UNIT B,39.717657,-104.852354
719 S Fraser St,39.7032026,-104.8125169
266 S Nome St,39.711663,-104.8500959
14202 E Hawaii Cir UNIT A,39.68672189999999,-104.8231227
99 Nome Way UNIT D,39.71788,-104.852399
1509 S Evanston St,39.6883673,-104.8150246
94 Nome Way UNIT C,39.718105,-104.851445
10702 E Exposition Ave APT 106,39.7035729,-104.8631776
15055 E Louisiana Dr UNIT B,39.6937826,-104.81295
12107 E Virginia Pl,39.707125,-104.8468984
1763 S Evanston St,39.6844988,-104.8156629
12199 E Oregon Dr,39.6867854,-104.8456671
12134 E Ohio Ave,39.7024267,-104.8463512
12108 E Exposition Dr,39.7038533,-104.8468984
11052 E Ohio Pl,39.7014277,-104.8590067
14751 E Tennessee Dr APT 235,39.6990379,-104.8164871
12831 E Mexico Ave,39.6862413,-104.8419733
1648 S Wheeling Cir,39.6873019,-104.8341299
218 S Nome St,39.712371,-104.849614
13147 E Louisiana Ave,39.692314,-104.83745
14192 E Colorado Dr UNIT 101,39.6843856,-104.8219818
11109 E Alameda Ave UNIT 104,39.7115693,-104.8585925
11637 E Kentucky Ave,39.7004078,-104.8533743
332 S Tucson Way,39.7098285,-104.8376411
1568 S Jamaica St,39.6868714,-104.8619484
10650 E Tennessee Ave UNIT 309,39.69815010000001,-104.8643742
1442 S Lansing St,39.691118,-104.8587103
12793 E Florida Ave,39.6890862,-104.8419277
1278 S Troy St,39.6928564,-104.8404885
451 S Moline St,39.7078683,-104.8551073
14852 E Kentucky Dr APT 933,39.6996027,-104.8151146
14111 E Jewell Ave,39.682569,-104.822577
82 Newark St UNIT B,39.7175051,-104.8529867
13345 E Louisiana Ave,39.6929979,-104.8352606
11107 E Alameda Ave UNIT 201,39.71172139999999,-104.8588271
91 S Sable Blvd APT F13,39.714951,-104.820083
24 Nome Way UNIT B,39.7165194,-104.8522342
30 S Nome St,39.7147668,-104.8531682
11771 E Cedar Ave,39.71338,-104.849946
13969 E Utah Cir,39.683795,-104.826108
11113 E Alameda Ave UNIT 204,39.7120574,-104.8584569
14331 E Tennessee Ave UNIT 101,39.69931890000001,-104.8211851
13156 E Exposition Dr,39.7015592,-104.8363643
14341 E Tennessee Ave UNIT 105,39.6985013,-104.8213063
11866 E Kepner Dr,39.6992003,-104.8500109
271 S Newark Cir,39.71182599999999,-104.853948
12155 E Nevada Pl,39.7099926,-104.8466704
922 S Peoria St,39.700883,-104.846727
1897 S Paris Ct,39.6825593,-104.8475369
11953 E Ford Dr,39.6992754,-104.8497373
72 Newark St UNIT A,39.7167502,-104.8532311
13494 E Jewell Ave UNIT 104,39.6815119,-104.8324188
1588 S Elkhart St,39.6869279,-104.8154805
778 S Fairplay Ct,39.7014383,-104.8127449
12444 E Tennessee Cir APT C,39.6995576,-104.8451372
1261 S Sable Blvd,39.693483,-104.819594
282 S Newark Cir,39.711396,-104.854374
14097 E Jewell Ave,39.6824361,-104.823658
15187 E Louisiana Dr UNIT A,39.69401999999999,-104.811531
1825 S Evanston St,39.683565,-104.816324
14201 E Hawaii Cir UNIT C,39.686724,-104.821856
12483 E Cedar Cir,39.7117486,-104.8401492
10800 E Jewell Ave,39.68153,-104.861862
11000 E Jewell Ave,39.6815349,-104.86083
1826 S Linden Way,39.6832998,-104.9146347
371 S Kearney St,39.709875,-104.917874
7105 E Exposition Ave,39.7040831,-104.9049172
6750 E Mississippi Ave,39.6963882,-104.9099583
6750 E Mississippi Ave APT E,39.6963882,-104.9099583
1762 S Pontiac St,39.6844423,-104.9056015
756 S Poplar St,39.7025842,-104.9043241
6776 E Panorama Ln UNIT D-2,39.67939579999999,-104.910427
301 S Poplar St,39.7108591,-104.9046905
326 S Jasmine St,39.710518,-104.9184557
1440 S Jasmine Way,39.6903419,-104.9180565
6303 E Iowa Ave,39.68777,-104.9148172
5611 E Iowa Ave,39.687819,-104.922042
5601 E Iowa Ave,39.6875312,-104.9223039
1742 S Pontiac St,39.684827,-104.9053734
6880 E Mississippi Ave APT A,39.6964716,-104.9085098
6650 E Arizona Ave APT 126,39.6939026,-104.9104038
1810 S Oneida St,39.6833495,-104.9079282
1965 S Kearney Way,39.679676,-104.917186
1490 S Jasmine Way,39.6895535,-104.9180565
160 S Ivy St,39.7136923,-104.9207711
6778 E Panorama Ln UNIT F-4,39.6797891,-104.910062
1250 S Monaco Pkwy APT 42,39.6939026,-104.9104038
1250 S Monaco Pkwy APT 41,39.6939026,-104.9104038
6475 E Cedar Ave,39.7132978,-104.9132379
7043 E Ohio Dr,39.7024577,-104.9061946
6960 E Girard Ave APT 406,39.6549772,-104.9051289
767 S Oneida St,39.70259280000001,-104.9084756
1575 S Monaco Pkwy,39.6880913,-104.913266
1525 S Jersey St,39.6888379,-104.9196077
3460 S Poplar St APT 107,39.6549772,-104.9051289
871 S Krameria St,39.7006509,-104.9166877
21 S Kearney St,39.71540239999999,-104.9179424
210 S Locust St,39.7127877,-104.9138363
6445 E Cedar Ave,39.71329799999999,-104.9135817
430 S Newport Way,39.7090549,-104.9086353
6778 E Panorama Ln UNIT E-2,39.67939579999999,-104.910427
7040 E Girard Ave APT 209,39.6549772,-104.9051289
6690 E Mississippi Ave,39.6963703,-104.910848
1560 S Fillmore St,39.6882075,-104.9532824
2339 S Saint Paul St,39.6739821,-104.9511376
1815 S Cook St,39.6835867,-104.9479432
1210 S Ogden St,39.694353,-104.9755079
1888 S Jackson St APT 907,39.6823471,-104.9426302
1499 S Jackson St,39.68935219999999,-104.9430115
235 E Iliff Ave,39.6750201,-104.9843437
1624 S Columbine St,39.6869699,-104.956705
1317 S Saint Paul St,39.6925402,-104.9515026
1664 S Monroe St,39.6862836,-104.945114
"Observatory Flats - Type 5 Plan, Observatory Flats",39.673461,-104.9590784
2338 S Williams St,39.6741399,-104.9661518
2519 S Columbine St,39.6707891,-104.9568419
1544 S Logan St,39.6885539,-104.9824454
"Observatory Flats - Type 10 Plan, Observatory Flats",39.673461,-104.9590784
3343 E Colorado Ave,39.6840657,-104.9478976
1729 S Madison St,39.685106,-104.946847
1565 S Elizabeth St,39.688094,-104.9562486
2585 S Columbine St,39.6698423,-104.9568503
2000 S Cook St,39.6800231,-104.9475047
"Observatory Flats - Type 9 Plan, Observatory Flats",39.673461,-104.9590784
1334 S Race St,39.6922685,-104.9637786
2730 S Cook St,39.6669363,-104.9474413
2472 S Josephine St,39.6717852,-104.9576633
1510 S Washington St,39.689137,-104.97903
1511 S Pennsylvania St,39.6891049,-104.9818521
2512 S Williams St,39.670845,-104.966132
"Observatory Flats - Type 11 Plan, Observatory Flats",39.673461,-104.9590784
"Observatory Flats - Type 7 Plan, Observatory Flats",39.673461,-104.9590784
2136 S Madison St,39.6774569,-104.9461765
3713 E Nielsen Ln,39.6650278,-104.9436538
1616 S Broadway UNIT 300,39.6871445,-104.9873485
"Observatory Flats - Type 1 Plan, Observatory Flats",39.673461,-104.9590784
3333 E Florida Ave APT 71,39.6908632,-104.9475757
1510 S Humboldt St,39.68906339999999,-104.9695747
3700 E Amherst Ave,39.6653098,-104.9436082
1544 S York St,39.6883551,-104.9602646
3098 S Gilpin St,39.6606609,-104.9676122
2526 S Clayton St,39.670653,-104.9547997
"Observatory Flats - Type 2 Plan, Observatory Flats",39.673461,-104.9590784
1390 S Pennsylvania St,39.6913456,-104.9813043
1195 S Monroe St,39.6948611,-104.9456591
2647 S High St,39.6686194,-104.9655585
"Observatory Flats - Type 3 Plan, Observatory Flats",39.673461,-104.9590784
1164 S High St,39.6953671,-104.9649424
"Observatory Flats - Type 13 Plan, Observatory Flats",39.673461,-104.9590784
2001 S Marion St,39.6801991,-104.9725412
1161 S University Blvd,39.6954545,-104.9596257
1339 S Corona St,39.6922909,-104.9750058
2652 S Lincoln St,39.668446,-104.986034
1125 S Race St UNIT 105,39.6961787,-104.964402
2225 Buchtel Blvd APT 710,39.683498,-104.9611298
2634 S Williams St,39.668778,-104.9661518
1240 S Milwaukee St,39.6939206,-104.9520959
2686 S Madison St,39.6678746,-104.9463004
1888 S Jackson St APT 604,39.6823471,-104.9426302
1982 S Logan St,39.6806135,-104.9825823
2870 S High St,39.6648608,-104.9650565
1110 S Milwaukee St,39.6962973,-104.9520046
"Observatory Flats - Type 8 Plan, Observatory Flats",39.673461,-104.9590784
2389 S Lincoln St,39.6732716,-104.9865533
1476 S Garfield St,39.6897562,-104.9438819
2102 S Milwaukee St,39.678211,-104.951959
3615 E Jewell Ave,39.68223529999999,-104.9450227
1126 S Columbine St,39.69603499999999,-104.956705
2531 S Cook St,39.670486,-104.9480345
1834 S Clarkson St,39.6832652,-104.9777785
2841 E Colorado Ave,39.6840696,-104.9538756
2225 Buchtel Blvd APT 609,39.683498,-104.9611298
2321 S Gilpin St,39.67438509999999,-104.967886
1502 S Clarkson St,39.6892389,-104.9778356
1130 S University Blvd,39.6959719,-104.9589868
1621 S Columbine St,39.6871285,-104.9572982
1519 S York St,39.6889138,-104.9608122
2330 E Louisiana Ave,39.6928353,-104.9597626
1743 S Garfield St,39.6849937,-104.9444295
2100 S Cook St,39.6781944,-104.9475782
2200 S University Blvd APT 205,39.6760694,-104.9589743
1145 S Vine St,39.6957812,-104.9631397
1485 S Garfield St,39.6896577,-104.9444772
1500 S Elizabeth St,39.689192,-104.9555413
1271 S Vine St,39.6935288,-104.9631853
2225 Buchtel Blvd APT 611,39.683498,-104.9611298
2059 S Milwaukee St,39.6790793,-104.9525522
1920 S Washington St,39.6816668,-104.9790679
1281 S Downing St,39.69333659999999,-104.9737964
1129 S Fillmore St,39.6960183,-104.95383
1159 S Downing St,39.6954874,-104.9737735
1150 S Gilpin St,39.6956811,-104.9672015
1362 S University Blvd,39.6918671,-104.9590324
2945 S University Blvd,39.6638759,-104.9599451
1179 S Jackson St,39.6952732,-104.9432887
2049 S Washington St,39.679309,-104.97967
2635 S Monroe St,39.6686681,-104.9456616
2684 S Cook St,39.6678432,-104.9474413
2266 S Columbine St,39.6752378,-104.9562144
2374 S University Blvd UNIT 208,39.673461,-104.9590784
2111 S Franklin St,39.678138,-104.969027
2930 E Iliff Ave,39.6745713,-104.952778
3333 E Florida Ave APT 132,39.6899467,-104.9456597
3333 E Florida Ave APT 54,39.6907177,-104.9478814
1710 S Clayton St,39.6855266,-104.9547883
2680 S University Blvd APT 202B,39.6678431,-104.9590096
2501 S Broadway,39.6711533,-104.987934
2272 S Columbine St,39.6751738,-104.9561242
3059 S Detroit Way,39.6604883,-104.9530086
2374 S University Blvd UNIT 211,39.673461,-104.9590784
2800 S University Blvd UNIT 127,39.66581040000001,-104.9569844
1350 S Corona St,39.6919868,-104.9743212
1165 S Jackson St,39.69554309999999,-104.9433344
2389 S High St APT 3,39.67321,-104.965589
1616 S Broadway APT 217,39.6871445,-104.9873485
2350 S Monroe St,39.6737318,-104.9449315
2693 S Cook St,39.6677152,-104.947966
1380 S Downing St,39.6915181,-104.9730889
1616 S Broadway APT 216,39.6871445,-104.9873485
1980 S Pennsylvania St,39.680666,-104.981359
2800 S University Blvd UNIT 27,39.66581040000001,-104.9569844
1365 S Josephine St,39.6916584,-104.9583707
2440 S Monroe St,39.6723064,-104.9449771
1181 S Vine St,39.69506579999999,-104.9631853
1933 S Monroe St,39.681522,-104.9455019
312 Inca St,39.721286,-104.997229
2387 S Acoma St,39.6735266,-104.9891094
1898 S Bannock St UNIT 411,39.6823072,-104.9897581
317 Delaware St,39.72132149999999,-104.9930349
187 S Zuni St,39.7132543,-105.0159963
263 Galapago St,39.7205793,-104.9966523
2101 S Cherokee St,39.67815700000001,-104.991423
2466 S Delaware St UNIT 8,39.671826,-104.991975
2166 S Delaware St,39.6773872,-104.9921811
1898 S Bannock St UNIT 313,39.6823072,-104.9897581
630 W 4th Ave,31.5915312,-84.1647193
2 Acoma St APT 11,39.7169277,-104.9886701
2278 S Delaware St UNIT 7,39.675265,-104.9920763
2278 S Delaware St UNIT 1,39.675265,-104.9920763
2455 S Galapago St,39.6720043,-104.9961845
1133 S Raritan St,39.696039,-105.00894
1129 S Raritan St,39.695999,-105.00894
2273 S Fox St,39.6753893,-104.9951004
2478 S Delaware St UNIT 6,39.6716892,-104.9919892
165 W Cedar Ave APT 7,39.7132851,-104.9916261
1898 S Bannock St UNIT 102,39.6823072,-104.9897581
150 W Byers Pl APT 4,39.7119062,-104.9912687
86 N Galapago St,39.7179729,-104.9958757
1183 S Navajo St,39.6951946,-105.0042144
2684 S Cherokee St,39.667931,-104.990822
2659 S Cherokee St,39.6683151,-104.9913955
2466 S Delaware St UNIT 6,39.671826,-104.991975
2425 S Bannock St,39.67245,-104.990277
873 S Raritan St,39.6998136,-105.0094682
1916 W Kentucky Ave,39.6988844,-105.0108377
39 Galapago St,39.7340078,-104.9966563
2096 S Galapago St,39.6785959,-104.9957282
2211 S Fox St,39.6763079,-104.9950703
1179 S Raritan St,39.69517099999999,-105.009109
685 W Evans Ave,39.6784758,-104.9956818
233 W Harvard Ave,39.6713826,-104.9907524
209 Kalamath St UNIT 16,39.7197417,-105.0006359
1898 S Bannock St UNIT 201,39.6823072,-104.9897581
1275 S Xavier St,39.6936603,-105.0498281
2663 S Quitman St,39.6687806,-105.04097
400 S Raleigh St,39.7093382,-105.0417919
2548 S Tennyson Way,39.6714446,-105.0434813
S Knox Ct,39.6662617,-105.0318985
3330 W Jewell Ave,39.682024,-105.030891
2360 S Julian St,39.6744844,-105.0306057
179 N Julian St,41.7772276,-88.136576
1685 S Lowell Blvd,39.6857323,-105.0346692
377 Stuart St,39.722762,-105.043561
340 Meade St,39.722155,-105.035783
310 S Clay St,39.7107035,-105.0201051
2555 S Utica St,39.671995,-105.0455817
1965 S Meade St,39.6809893,-105.0362672
959 S Yates St,39.6990257,-105.0515633
2755 W 1st Ave,39.71868610000001,-105.0217029
1263 S Alcott St,39.6938238,-105.0167952
4694 W Alaska Pl,39.7088875,-105.0484364
123 S Julian St,39.7145333,-105.0315918
79 S Julian St,39.7151851,-105.0315188
1295 S Xavier St,39.6933451,-105.0498281
1780 S Federal Blvd,39.684314,-105.0246
4520 W Cedar Ave,39.713009,-105.0441205
1652 N Quitman St UNIT 15,39.7434003,-105.0405182
2655 S Patton Ct,39.6690398,-105.0390067
1279 S Osceola St,39.69362220000001,-105.0381848
2505 S King St,39.6719852,-105.0331168
8 Lowell Blvd,39.7167508,-105.0345778
52 S King St UNIT 52-54,39.7155683,-105.0333907
205 N Hazel Ct,39.7199211,-105.0278663
207 N Hazel Ct,39.7199482,-105.0278146
9 Grove St,39.7168206,-105.026588
45 S Julian St,39.7157366,-105.0315188
2024 S Meade St,39.68047929999999,-105.035354
1280 S Winona Ct,39.6936297,-105.0469287
1612 N Quitman St UNIT D,39.7429162,-105.040527
167 Vrain St,39.7196665,-105.0459013
815 S Patton Ct,39.7016212,-105.0393719
3454 W Dakota Ave,39.7092652,-105.0327972
2742 W 2nd Ave,39.720022,-105.021429
1890 S Winona Ct,39.682434,-105.0468145
364 S Newton St,39.710076,-105.037038
372 S Newton St,39.7099713,-105.0369977
550 S Meade St,39.707047,-105.0357992
4640 W Alaska Pl,39.7088237,-105.0477734
31 King St,39.7171836,-105.0339843
175 Hazel Ct,39.7195727,-105.0278207
981 S Clay St,39.6989695,-105.0206529
1301 S Irving St,39.6929159,-105.029981
3474 W Alaska Pl,39.7084171,-105.0332538
626 S Osceola St,39.705075,-105.037815
3950 Misc Morrison Rd,39.70042189999999,-105.0481458
1811 S Stuart St,39.6841924,-105.0427507
842 S Quitman St,39.7013008,-105.0406047
212 Lowell Blvd,39.7200813,-105.0346349
2686 S Julian St,39.668211,-105.0306513
3490 W Hoye Pl,39.6975189,-105.0328429
1284 S Beach Ct,39.6935105,-105.0172289
4913 W Yale Ave,39.6680555,-105.0496896
