Name,Lat,Lng
"11628 Masonville Dr, Parker, CO 80134",39.5255712,-104.7925025
"15969 Hedgeway Dr, Parker, CO 80134",39.5379003,-104.8041279
"10709 Jordan Ct, Parker, CO 80134",39.5218399,-104.7930723
"11598 S Maiden Hair Way, Parker, CO 80134",39.5058624,-104.8089378
"12914 Ironstone Way Apt 204, Parker, CO 80134",39.48324059999999,-104.762569
"8661 Red Clover Ct, Parker, CO 80134",39.5600809,-104.7997967
"10225 Tall Oaks Cir, Parker, CO 80134",39.5300998,-104.8291968
"17440 E Iron Ore Ave, Parker, CO 80134",39.50976,-104.786982
"19435 E Mann Creek Dr, Parker, CO 80134",39.485734,-104.7621666
"17054 Foxton Dr, Parker, CO 80134",39.5163935,-104.7882628
"9584 Pearl Cir Unit 104, Parker, CO 80134",39.543753,-104.7965005
"17044 E Carr Ave, Parker, CO 80134",39.5189207,-104.7889011
"6048 Ponderosa Way, Parker, CO 80134",39.4519117,-104.7021961
"17443 Nature Walk Trl Unit 305, Parker, CO 80134",39.5504441,-104.7868254
"6457 N Windhollow Ct, Parker, CO 80134",39.4560322,-104.7483795
"10597 Rutledge St, Parker, CO 80134",39.5240662,-104.8226847
"6497 Cherry Creek Dr, Parker, CO 80134",39.4355533,-104.7656079
"Hough Poin, Parker, CO 80134",39.5342391,-104.8264711
"5314 Blandford Cir, Parker, CO 80134",39.4395879,-104.7487897
"8903 Cottonwood Way, Parker, CO 80134",39.5553417,-104.7817886
"8539 Sweet Clover Way, Parker, CO 80134",39.5610515,-104.8017571
"13820 Tall Oaks Loop, Parker, CO 80134",39.5318401,-104.8289433
"19783 Glendale Ln, Parker, CO 80134",39.4954894,-104.7621438
"10893 Bullock Ct, Parker, CO 80134",39.5191559,-104.8020307
"12068 Swansea Dr, Parker, CO 80134",39.5305793,-104.8485943
"9282 Longgate Ln, Parker, CO 80134",39.5477508,-104.8064986
"12856 S Silver Plume St, Parker, CO 80134",39.4834556,-104.767545
"5407 Rhyolite Way, Parker, CO 80134",39.4408525,-104.7647418
"10565 Casper Point, Parker, CO 80134",39.5244323,-104.8143863
"9451 Ashbury Cir Unit 201, Parker, CO 80134",39.5446678,-104.7999152
"16736 E Hollow Horn Ave, Parker, CO 80134",39.4963325,-104.7958076
"17739 Biscuit Root Dr, Parker, CO 80134",39.5555638,-104.7834296
"Oslo Ave, Parker, CO 80134",39.5244953,-104.817282
"9180 Rolling Way Unit 203, Parker, CO 80134",39.5501914,-104.7875609
"5201 Creek Way, Parker, CO 80134",39.4373411,-104.7655623
"8377 Prairie Clover Way, Parker, CO 80134",39.564829,-104.7948731
"9685 Rockhampton Way, Highlands Ranch, CO 80130",39.54133720000001,-104.9263603
"9064 Greenspointe Ln, Highlands Ranch, CO 80130",39.5511343,-104.9225962
"5179 Morning Glory Pl, Highlands Ranch, CO 80130",39.5439767,-104.928231
"5330 Windflower Ln, Highlands Ranch, CO 80130",39.5233985,-104.9267938
"10875 Heatherton St, Highlands Ranch, CO 80130",39.518706,-104.9276151
"4955 Greenwich Ln, Highlands Ranch, CO 80130",39.5541176,-104.9307405
"10841 Towerbridge Ln, Highlands Ranch, CO 80130",39.5195107,-104.9240334
"8633 Gold Peak Pl Unit C, Highlands Ranch, CO 80130",39.5600959,-104.9162386
"6408 Silver Mesa Dr Unit E, Littleton, CO 80130",39.5565665,-104.9184251
"10243 Fawnbrook Ct, Highlands Ranch, CO 80130",39.5302797,-104.9293261
"5050 Wagon Box Pl, Highlands Ranch, CO 80130",39.5222053,-104.9294173
"1327 Sunnyside St, Highlands Ranch, CO 80126",39.5636635,-104.9724838
"8325 Pebble Creek Way Floor 1, Littleton, CO 80126",39.565593,-104.942418
"3855 Canyon Ranch Rd Unit 101, Highlands Ranch, CO 80126",39.56529700000001,-104.9435048
"9492 Joyce Ln, Highlands Ranch, CO 80126",39.5431896,-104.9815326
"8475 Pebble Creek Way Unit 204, Highlands Ranch, CO 80126",39.5623845,-104.9434599
"10232 Willowbridge Way, Highlands Ranch, CO 80126",39.52678160000001,-104.9484908
"10280 Greatwood Pointe, Highlands Ranch, CO 80126",39.5256018,-104.9576405
"3273 Ashworth Ave, Highlands Ranch, CO 80126",39.5207013,-104.9484452
"8906 Miners Dr, Highlands Ranch, CO 80126",39.55355640000001,-104.9449771
"2345 Thistle Ridge Cir, Highlands Ranch, CO 80126",39.5522783,-104.9619531
"9976 Strathfield Ln, Highlands Ranch, CO 80126",39.5341291,-104.9403683
"2967 Redhaven Way, Highlands Ranch, CO 80126",39.5214817,-104.9536474
"9418 Burgundy Cir, Highlands Ranch, CO 80126",39.5448971,-104.9883791
"10730 Cherrington St, Highlands Ranch, CO 80126",39.521488,-104.9474184
"10773 Southhaven Cir, Highlands Ranch, CO 80126",39.5206844,-104.9476694
"E Brittany Way, Littleton, CO 80126",39.5416814,-104.9772448
"8750 Skylark St, Highlands Ranch, CO 80126",39.5575541,-104.9346646
"9458 Sherrelwood Ln, Highlands Ranch, CO 80126",39.5445019,-104.9745494
"9286 Lark Sparrow Dr, Highlands Ranch, CO 80126",39.5477626,-104.9385431
"8438 S Thunder Ridge Way Unit 104, Highlands Ranch, CO 80126",39.563418,-104.9433276
"8312 Pebble Creek Way Unit 204, Highlands Ranch, CO 80126",39.5653259,-104.9430138
"4430 Copeland Loop Unit 104, Littleton, CO 80126",39.5592109,-104.9357369
"10143 Meadowbriar Ln, Highlands Ranch, CO 80126",39.5292766,-104.9446805
"10616 Cherrybrook Cir, Highlands Ranch, CO 80126",39.523531,-104.955199
"10868 Trotwood Way, Highlands Ranch, CO 80126",39.5186474,-104.9490384
"2218 Hyacinth Rd, Highlands Ranch, CO 80129",39.5258575,-105.0150833
"503 Winterthur Way, Highlands Ranch, CO 80129",39.5320652,-104.9938793
"1023 Mulberry Ln, Highlands Ranch, CO 80129",39.5408479,-105.0016469
"2567 Foothills Canyon Ct, Highlands Ranch, CO 80129",39.542443,-105.018805
"8872 Edinburgh Cir, Highlands Ranch, CO 80129",39.5550388,-105.0118088
"9451 Desert Willow Trl, Highlands Ranch, CO 80129",39.5447542,-105.0113855
"10179 Woodrose Ln, Highlands Ranch, CO 80129",39.5313092,-105.0231594
"9365 Wolfe Pl, Highlands Ranch, CO 80129",39.5459778,-105.0086921
"538 English Sparrow Trl, Highlands Ranch, CO 80129",39.528726,-104.9935826
"9372 Painted Canyon Cir, Highlands Ranch, CO 80129",39.54315820000001,-105.023803
"10560 Hyacinth Pl, Highlands Ranch, CO 80129",39.5257544,-105.0173659
"9336 S Wolfe St, Littleton, CO 80129",39.5807817,-105.049304
"1384 Carlyle Park Cir, Highlands Ranch, CO 80129",39.544355,-105.005985
"9822 Goldfinch Ln, Highlands Ranch, CO 80129",39.5375717,-105.0272272
"1252 Carlyle Park Cir, Highlands Ranch, CO 80129",39.544569,-105.004925
"625 W Burgundy St Unit B, Highlands Ranch, CO 80129",39.5437011,-104.9955226
"1390 Braewood Ave, Highlands Ranch, CO 80129",39.541583,-105.006294
"1058 Thornbury Pl, Highlands Ranch, CO 80129",39.5363056,-105.0008405
"9496 Cove Creek Dr, Highlands Ranch, CO 80129",39.544072,-105.020099
"1149 Timbervale Trl, Highlands Ranch, CO 80129",39.5380827,-105.0023469
"10307 Woodrose Ln, Highlands Ranch, CO 80129",39.5285701,-105.0202606
"2527 Channel Dr, Highlands Ranch, CO 80129",39.56580659999999,-105.019333
"158 Whitehaven Cir, Highlands Ranch, CO 80129",39.529503,-104.9891169
"3276 Blue Grass Cir, Castle Rock, CO 80109",39.414032,-104.8959302
"2757 Poplar Grove Pl, Castle Rock, CO 80109",39.3922373,-104.9066508
"2703 Deerfoot Way, Castle Rock, CO 80109",39.3927698,-104.8916422
"1463 Bergen Rock St, Castle Rock, CO 80109",39.38092899999999,-104.873433
"2155 Trailblazer Way, Castle Rock, CO 80109",39.3873141,-104.8968668
"3160 Black Canyon Way, Castle Rock, CO 80109",39.3949599,-104.8933756
"3553 Corsica Way, Castle Rock, CO 80109",39.3996245,-104.8892293
"2259 Quartz St, Castle Rock, CO 80109",39.387898,-104.9047889
"4380 N Meadows Dr, Castle Rock, CO 80109",39.405995,-104.89412
"3438 Sky Church Dr, Castle Rock, CO 80109",39.3827797,-104.899899
"2601 Bellavista St, Castle Rock, CO 80109",39.3909871,-104.897869
"2075 Quartz St, Castle Rock, CO 80109",39.3866804,-104.9049172
"2434 Broadleaf Loop, Castle Rock, CO 80109",39.3894652,-104.8969338
"3406 Emily St, Castle Rock, CO 80109",39.3978209,-104.8938385
"3028 Trailblazer Way, Castle Rock, CO 80109",39.39511900000001,-104.900942
"2854 Night Song Way, Castle Rock, CO 80109",39.3936173,-104.892737
"3328 Starry Night Loop, Castle Rock, CO 80109",39.3814358,-104.89942
"2274 Quartz St, Castle Rock, CO 80109",39.388087,-104.904274
"2128 Quartz St, Castle Rock, CO 80109",39.3871084,-104.9043697
"4116 Miners Candle Dr, Castle Rock, CO 80109",39.3927087,-104.9063771
"4224 Miners Candle Pl, Castle Rock, CO 80109",39.3917774,-104.9077457
"4834 Sunridge Terrace Dr, Castle Rock, CO 80109",39.4045039,-104.9143153
"2915 Mount Royal Dr, Castle Rock, CO 80104",39.34513099999999,-104.86499
"4980 Northbrook Ave, Castle Rock, CO 80104",39.3616782,-104.8107843
"479 Black Feather Loop Apt 319, Castle Rock, CO 80104",39.3994389,-104.8584817
"651 Branding Iron Ln, Castle Rock, CO 80104",39.4055378,-104.8556546
"6079 Raleigh Cir, Castle Rock, CO 80104",39.364224,-104.800015
"5236 E Hamilton Ave, Castle Rock, CO 80104",39.3630238,-104.8080488
"3986 Donnington Cir, Castle Rock, CO 80104",39.336008,-104.864303
"6703 Turnstone Ave, Castle Rock, CO 80104",39.365894,-104.7923201
"3657 Rawhide Cir, Castle Rock, CO 80104",39.3997305,-104.8521886
"4616 E Bennington Ave, Castle Rock, CO 80104",39.3679216,-104.8142951
"3427 Cade Ct, Castle Rock, CO 80104",39.34005440000001,-104.8439784
"206 Rockaway Ave, Castle Rock, CO 80104",39.3713222,-104.80121
"312 Lewis St, Castle Rock, CO 80104",39.37310919999999,-104.8546057
"5858 Point Rider Cir, Castle Rock, CO 80104",39.3207743,-104.8396851
"1232 N Calhan Ave, Castle Rock, CO 80104",39.3796054,-104.803273
"399 Balsa Dr, Castle Rock, CO 80104",39.35923349999999,-104.859212
"532 Oakwood Dr Apt A207, Castle Rock, CO 80104",39.3851153,-104.857138
"1490 Royal Troon Dr, Castle Rock, CO 80104",39.356196,-104.847166
"5603 E Monument Dr, Castle Rock, CO 80104",39.3820804,-104.8041279
"3391 Scaup Trl, Castle Rock, CO 80104",39.3413208,-104.8355652
"861 Rock Mesa Point, Castle Rock, CO 80108",39.40919299999999,-104.8534619
"7177 Finsberry Way, Castle Pines, CO 80108",39.466558,-104.879381
"8403 Briar Trace Dr, Castle Pines, CO 80108",39.485176,-104.899451
"8312 Briar Haven Pl, Castle Pines, CO 80108",39.4832681,-104.8997165
"3926 White Rose St, Castle Rock, CO 80108",39.37752,-104.820585
"1538 Sidewinder Cir, Castle Rock, CO 80108",39.3830846,-104.8182963
"179 Dover Ct, Castle Pines, CO 80108",39.4653626,-104.8889964
"7425 Shoreham Dr, Castle Pines, CO 80108",39.4703581,-104.8925545
"Sabino Ln, Castle Rock, CO 80108",39.4218526,-104.7805558
"4775 Drowsy Water Rd, Castle Rock, CO 80108",39.409058,-104.8556459
"650 Reid Pl, Castle Rock, CO 80108",39.409728,-104.85576
"6824 Diamond Ridge Pkwy, Castle Rock, CO 80108",39.4264057,-104.8521658
"8017 S Columbine Ct, Centennial, CO 80122",39.571272,-104.95846
"2710 E Otero Pl Unit 6, Centennial, CO 80122",39.5700403,-104.9572631
"5555 E Briarwood Ave Apt 504, Centennial, CO 80122",39.5938164,-104.9233109
"2567 E Geddes Pl, Centennial, CO 80122",39.5841232,-104.9585304
"4886 E Costilla Pl, Centennial, CO 80122",39.5909842,-104.9302843
"6941 S Ash Cir, Centennial, CO 80122",39.5900723,-104.9399577
"6957 S Knolls Way, Centennial, CO 80122",39.58921000000001,-104.95825
"8294 S Fillmore Way, Centennial, CO 80122",39.566435,-104.95414
"6936 S Ogden Ct, Centennial, CO 80122",39.5902428,-104.9738648
"7012 S Eudora St, Centennial, CO 80122",39.5896621,-104.929828
"534 E Highline Cir, Centennial, CO 80122",39.591638,-104.982303
"4706 E Hinsdale Pl, Centennial, CO 80122",39.5812429,-104.9326113
"4393 E Phillips Pl, Centennial, CO 80122",39.5670531,-104.9366267
"7689 S Cove Cir, Centennial, CO 80122",39.577788,-104.953993
"8280 S Albion St, Centennial, CO 80122",39.5673202,-104.9379043
"1372 E Dry Creek Pl, Centennial, CO 80122",39.5798851,-104.9727694
"100 E Highline Cir Unit 107, Centennial, CO 80122",39.5935874,-104.9869083
"E Highline Cir, Centennial, CO 80122",39.5924762,-104.9852833
"2682 E Easter Ave, Centennial, CO 80122",39.588147,-104.957075
"12800 Fisher Ln, Englewood, CO 80112",39.5411807,-104.8406145
"8196 S Willow St, Centennial, CO 80112",39.5685641,-104.8915509
"7948 S Kittredge St, Englewood, CO 80112",39.5721909,-104.8027369
"Mayfair Way, Englewood, CO 80112",39.5384775,-104.8413455
"7090 S Uinta St, Centennial, CO 80112",39.5879436,-104.8964776
"7153 E Dry Creek Cir, Centennial, CO 80112",39.579619,-104.906291
"9030 E Phillips Pl, Englewood, CO 80112",39.5676101,-104.884184
"7067 E Briarwood Dr, Centennial, CO 80112",39.593244,-104.906453
"7009 E Briarwood Cir, Centennial, CO 80112",39.594493,-104.907672
"8985 E Nichols Pl, Centennial, CO 80112",39.5704629,-104.88379
"7384 E Mineral Pl, Centennial, CO 80112",39.5726412,-104.9032749
"7643 S Monaco Cir W, Centennial, CO 80112",39.577405,-104.913517
"16494 E Phillips Pl, Englewood, CO 80112",39.5669396,-104.796879
"7443 E Long Ave, Centennial, CO 80112",39.5751816,-104.9022712
"7450 S Ivy Way, Centennial, CO 80112",39.5813146,-104.9212046
"7440 S Blackhawk St Unit 8203, Englewood, CO 80112",39.58156570000001,-104.8222201
"7024 S Spruce Dr E, Centennial, CO 80112",39.5890552,-104.8988498
"7811 S Kalispell Cir, Englewood, CO 80112",39.574995,-104.803009
"7200 S Blackhawk St Unit 201, Englewood, CO 80112",39.5830479,-104.8231664
"7815 Vallagio Ln, Englewood, CO 80112",39.5786166,-104.8694423
"7644 S Rosemary Cir, Centennial, CO 80112",39.5782538,-104.8978005
"7133 S Poplar St, Centennial, CO 80112",39.5873146,-104.9049172
"7440 S Blackhawk St Unit 10104, Englewood, CO 80112",39.5816077,-104.8214241
"15700 E Jamison Dr Unit 1304, Englewood, CO 80112",39.5782771,-104.805821
"7949 S Kittredge Way, Englewood, CO 80112",39.572266,-104.802397
"16473 E Otero Pl, Englewood, CO 80112",39.5679946,-104.7969702
"5566 W Hinsdale Pl, Littleton, CO 80128",39.5830934,-105.0607873
"6705 S Field St Unit 817, Littleton, CO 80128",39.5947055,-105.0992422
"8000 S Estes St, Littleton, CO 80128",39.5716457,-105.0959987
"8337 W Morraine Dr, Littleton, CO 80128",39.5782102,-105.0902438
"7162 S Platte Canyon Dr, Littleton, CO 80128",39.5855371,-105.0500565
"7091 S Webster St, Littleton, CO 80128",39.588033,-105.0803789
"8318 S Independence Cir Unit 202, Littleton, CO 80128",39.5655761,-105.1043698
"7907 S Depew St, Littleton, CO 80128",39.5727882,-105.0578192
"9681 W Chatfield Ave Unit D, Littleton, CO 80128",39.569422,-105.103385
"7060 S Polo Ridge Dr, Littleton, CO 80128",39.5870318,-105.0447141
"8348 S Allison St, Littleton, CO 80128",39.5653547,-105.0878346
"8406 S Upham Way, Littleton, CO 80128",39.5638278,-105.0784149
"8896 W Roxbury Dr, Littleton, CO 80128",39.58656819999999,-105.0968665
"9525 W Coal Mine Ave Apt F, Littleton, CO 80123",39.597683,-105.103443
"6124 S Field St, Littleton, CO 80123",39.6051047,-105.0978257
"5996 S Jellison St Apt B, Littleton, CO 80123",39.606178,-105.107471
"4899 S Dudley St Apt G20, Littleton, CO 80123",39.6260674,-105.0949881
"5645 S Lamar St, Denver, CO 80123",39.6154722,-105.067934
"3481 W Berry Dr, Littleton, CO 80123",39.6157339,-105.0334706
"W Ponds Dr, Littleton, CO 80123",39.6030486,-105.0461506
"2755 W Riverwalk Cir Unit C, Littleton, CO 80123",39.6184927,-105.0224165
"4952 S Iris St, Denver, CO 80123",39.6263953,-105.106824
"7656 W Walker Dr, Littleton, CO 80123",39.59979,-105.0809039
"6700 W Dorado Dr, Littleton, CO 80123",39.616575,-105.072979
"1202 S Marshall Ct, Lakewood, CO 80232",39.6943171,-105.0690846
"1830 S Wadsworth Blvd, Lakewood, CO 80232",39.685023,-105.0809704
"1667 S Holland Ct, Lakewood, CO 80232",39.6861836,-105.1048142
"1633 S Everett St, Lakewood, CO 80232",39.6871375,-105.0967295
"1622 S Cody St, Lakewood, CO 80232",39.6872306,-105.0915683
"1275 S Fenton St, Lakewood, CO 80232",39.69349220000001,-105.0610842
"10370 W Jewell Ave Apt B, Lakewood, CO 80232",39.68175300000001,-105.113557
"10550 W Jewell Ave Apt 201, Lakewood, CO 80232",39.6816548,-105.1167014
"1469 S Carr St, Lakewood, CO 80232",39.6902168,-105.0912171
"15247 W Auburn Ave, Lakewood, CO 80228",39.672124,-105.1723388
"2482 S Orion Cir, Denver, CO 80228",39.6701066,-105.1789866
"984 S Vivian Ct, Lakewood, CO 80228",39.6977311,-105.1371111
"12843 W 3rd Pl, Lakewood, CO 80228",39.719933,-105.143298
"13327 W Montana Pl, Lakewood, CO 80228",39.6860187,-105.1487615
"12067 W Virginia Dr, Lakewood, CO 80228",39.7057217,-105.1329994
"13349 W Alameda Pkwy Unit 401, Lakewood, CO 80228",39.693914,-105.149536
"1954 S Xenon St, Lakewood, CO 80228",39.6797829,-105.136106
"12189 W Alabama Pl, Lakewood, CO 80228",39.6939242,-105.1304867
"2012 S Yank Way, Lakewood, CO 80228",39.6796848,-105.1404005
"465 S Oak St, Lakewood, CO 80226",39.70814379999999,-105.119363
"415 S Balsam St, Lakewood, CO 80226",39.709127,-105.0894828
"445 S Kipling St, Lakewood, CO 80226",39.708526,-105.110161
"404 S Reed St, Lakewood, CO 80226",39.7088628,-105.073985
"87 Flower St, Lakewood, CO 80226",39.7179709,-105.09947
"180 S Upham Ct, Lakewood, CO 80226",39.71323599999999,-105.077691
"1067 S Yarrow St, Lakewood, CO 80226",39.6971218,-105.084109
"320 S Ames St Apt 1, Lakewood, CO 80226",39.710557,-105.0541466
"812 S Vance St Apt D, Lakewood, CO 80226",39.7031256,-105.0789417
"1020 S Teller St, Denver, CO 80226",39.6979443,-105.0772211
"44 Garrison St, Denver, CO 80226",39.71738149999999,-105.1001144
"341 S Marshall St, Lakewood, CO 80226",39.7104034,-105.0691899
"70 S Dudley St, Lakewood, CO 80226",39.7154563,-105.0946742
"80 S Everett St, Lakewood, CO 80226",39.7152686,-105.0966838
"830 S Fenton St, Lakewood, CO 80226",39.7015788,-105.0599654
"648 S Yarrow St, Lakewood, CO 80226",39.7051932,-105.0824166
"10973 W Exposition Pl, Lakewood, CO 80226",39.7024644,-105.1213501
"172 S Cody St, Denver, CO 80226",39.7134581,-105.0917739
"6192 W Bayaud Ave, Denver, CO 80226",39.7147313,-105.0647602
"1077 S Johnson St, Lakewood, CO 80226",39.6972343,-105.1088432
"Dudley St, Lakewood, CO 80226",39.7225195,-105.0951796
"1567 S Richfield Way, Aurora, CO 80017",39.6887449,-104.7863026
"1589 S Salida Way, Aurora, CO 80017",39.6893896,-104.7849806
"467 S Memphis Way Apt 3, Aurora, CO 80017",39.708101,-104.7987581
"15402 E Arizona Ave Unit 201, Aurora, CO 80017",39.6941777,-104.8078338
"15390 E Arizona Ave Unit 104, Aurora, CO 80017",39.6942058,-104.8084404
"911 S Kittredge Way, Aurora, CO 80017",39.7007292,-104.8002982
"1515 S Ouray Cir Unit B, Aurora, CO 80017",39.6892538,-104.792398
"17818 E Mexico Dr, Aurora, CO 80017",39.6853765,-104.7797384
"18155 E Ohio Ave Apt 102, Aurora, CO 80017",39.7041589,-104.778532
"1681 S Idalia Cir Unit G, Aurora, CO 80017",39.6860629,-104.8060916
"15390 E Arizona Ave Unit 206, Aurora, CO 80017",39.6941321,-104.8085122
"884 S Joplin Cir, Aurora, CO 80017",39.7009944,-104.8007522
"15300 E Arizona Ave, Aurora, CO 80017",39.6942537,-104.8094199
"1311 S Kingston St, Aurora, CO 80012",39.693539,-104.859292
"12126 E Kepner Pl, Aurora, CO 80012",39.701327,-104.846577
"15102 E Bayaud Pl, Aurora, CO 80012",39.714661,-104.8123169
"13506 E Jewell Ave Unit 102, Aurora, CO 80012",39.6816434,-104.8321209
"12805 E Florida Ave, Aurora, CO 80012",39.688909,-104.8414717
"12813 E Nevada Cir, Aurora, CO 80012",39.70958890000001,-104.8397844
"220 S Revere St, Aurora, CO 80012",39.7122561,-104.8383708
"73 S Sable Blvd Apt D15, Aurora, CO 80012",39.715175,-104.820164
"12120 E Kepner Pl, Aurora, CO 80012",39.7013279,-104.846756
"1094 S Dearborn St Apt 203, Aurora, CO 80012",39.697072,-104.8159575
"10792 E Exposition Ave Apt 352, Aurora, CO 80012",39.7036054,-104.8627606
"1420 S Oakland St, Aurora, CO 80012",39.6907547,-104.8509116
"10722 E Exposition Ave Apt 315, Aurora, CO 80012",39.7028243,-104.8632385
"12402 E Kansas Pl, Aurora, CO 80012",39.69447479999999,-104.843843
"14111 E Jewell Ave Apt 102, Aurora, CO 80012",39.6825751,-104.8226698
"1050 S Monaco Pkwy Unit 94, Denver, CO 80224",39.6975151,-104.9116234
"255 S Kearney St, Denver, CO 80224",39.7120925,-104.9179424
"6901 E Baker Pl, Denver, CO 80224",39.67213400000001,-104.908065
"6620 E Mississippi Ave Apt 3, Denver, CO 80224",39.6961177,-104.9112636
"3460 S Poplar St Apt 102, Denver, CO 80224",39.6549772,-104.9051289
"6840 E Mississippi Ave Apt D, Denver, CO 80224",39.6960998,-104.9089812
"1295 S Ivy Way, Denver, CO 80224",39.6923247,-104.9194708
"5660 E Florida Ave, Denver, CO 80224",39.6891389,-104.921524
"1565 S Monaco Pkwy, Denver, CO 80224",39.6882156,-104.9132204
"2575 S Race St, Denver, CO 80210",39.6699641,-104.9643263
"1365 E Amherst Cir, Denver, CO 80210",39.66620289999999,-104.9719479
"2525 S Clayton St, Denver, CO 80210",39.6706593,-104.9554272
"2286 S Saint Paul St, Denver, CO 80210",39.6751698,-104.9504987
"1820 S Adams St, Denver, CO 80210",39.6834575,-104.9486277
"1545 S Steele St, Denver, CO 80210",39.6883543,-104.9503618
"1993 S Lincoln St, Denver, CO 80210",39.6805277,-104.9866419
"1553 S Clarkson St, Denver, CO 80210",39.6883679,-104.978416
"3750 E Amherst Ave, Denver, CO 80210",39.6653027,-104.9430606
"2387 S Williams St, Denver, CO 80210",39.67324,-104.9666994
"S Clarkson St, Denver, CO 80210",39.6875794,-104.9781158
"2435 S Humboldt St, Denver, CO 80210",39.67239360000001,-104.9704418
"2001 S Pearl St, Denver, CO 80210",39.6801774,-104.9808023
"1974 S Downing St, Denver, CO 80210",39.6807853,-104.9731802
,33.791638,-84.389488
"1701 S Gilpin St, Denver, CO 80210",39.6855469,-104.9678404
"1100 S Harrison St, Denver, CO 80210",39.69641,-104.941574
"2200 S University Blvd Apt 502, Denver, CO 80210",39.6760694,-104.9589743
"1440 S Garfield St, Denver, CO 80210",39.6902232,-104.9439276
"1452 S Washington St, Denver, CO 80210",39.6901136,-104.9789766
"1535 S Garfield St, Denver, CO 80210",39.68865359999999,-104.9444752
"1923 E Vassar Ave, Denver, CO 80210",39.6695684,-104.964382
"1260 S Monroe St, Denver, CO 80210",39.6936663,-104.9450227
"1585 S Steele St, Denver, CO 80210",39.6878084,-104.9503162
"1307 S Fillmore St, Denver, CO 80210",39.6926743,-104.9537843
"1824 S Franklin St, Denver, CO 80210",39.6834133,-104.9684793
"1462 S York St, Denver, CO 80210",39.6899651,-104.9603102
"2359 S High St, Denver, CO 80210",39.6737113,-104.9655129
"1695 S Garfield St, Denver, CO 80210",39.6858609,-104.9444295
"2165 S Gilpin St, Denver, CO 80210",39.6771567,-104.9677948
"1754 S Grant St Apt G2, Denver, CO 80210",39.68441019999999,-104.9837159
"1686 S Grant St, Denver, CO 80210",39.68595380000001,-104.9837353
"1560 S Emerson St, Denver, CO 80210",39.6882853,-104.9766945
"1120 S Franklin St, Denver, CO 80210",39.6962633,-104.9683196
"2466 S York St, Denver, CO 80210",39.67172559999999,-104.9602189
"2385 S Gilpin St, Denver, CO 80210",39.6733661,-104.9678404
"2028 S Corona St, Denver, CO 80210",39.6797621,-104.9743669
"1785 S Gilpin St, Denver, CO 80210",39.6842127,-104.9677948
"1995 S Humboldt St, Denver, CO 80210",39.6804656,-104.9702136
"2325 S Clayton St, Denver, CO 80210",39.6742865,-104.9554272
"1121 S Downing St, Denver, CO 80210",39.6961574,-104.9737735
"3550 Buchtel Blvd, Denver, CO 80210",39.6804125,-104.9457132
"2320 S University Blvd Apt 203, Denver, CO 80210",39.6742753,-104.9589841
"2175 S Lafayette St, Denver, CO 80210",39.6770354,-104.9713432
"2006 S Columbine St, Denver, CO 80210",39.6798843,-104.9561802
"1500 S Ogden St, Denver, CO 80210",39.6891962,-104.9754622
"2637 S University Blvd, Denver, CO 80210",39.668646,-104.95975
"200 E Mexico Ave, Denver, CO 80210",39.685601,-104.9848189
"1836 S Adams St, Denver, CO 80210",39.6831815,-104.9486277
"1929 S High St, Denver, CO 80210",39.6815257,-104.9655351
"1435 E Iliff Ave, Denver, CO 80210",39.674962,-104.9704532
"1500 S University Blvd, Denver, CO 80210",39.689194,-104.958958
"1776 S Corona St, Denver, CO 80210",39.6843011,-104.9743212
"2225 Buchtel Blvd Apt 803, Denver, CO 80210",39.683498,-104.9611298
"2001 S High St, Denver, CO 80210",39.6801752,-104.9655616
"2328 S High St, Denver, CO 80210",39.6743133,-104.9650697
"2025 S High St, Denver, CO 80210",39.67978230000001,-104.9655129
"2656 S Grant St, Denver, CO 80210",39.668423,-104.983704
"2005 S Ogden St, Denver, CO 80210",39.6801768,-104.9760099
"1211 S Columbine St, Denver, CO 80210",39.6945443,-104.9572526
"2484 S Cook St, Denver, CO 80210",39.6714372,-104.9473956
"1352 S Quieto Ct, Denver, CO 80223",39.6921519,-105.0075052
"2384 S Bannock St, Denver, CO 80223",39.67336969999999,-104.9897028
"227 S Bannock St, Denver, CO 80223",39.7124992,-104.9901711
"1565 S Quivas St, Denver, CO 80223",39.6881409,-105.00714
"1700 S Raritan St, Denver, CO 80223",39.685696,-105.0086465
"2120 S Galapago St, Denver, CO 80223",39.6779068,-104.9957394
"855 S Osage St, Denver, CO 80223",39.7002895,-105.003762
"47 W Alameda Ave, Denver, CO 80223",39.7114529,-104.9886986
"2471 S Cherokee St, Denver, CO 80223",39.6717377,-104.9916199
"2143 S Acoma St, Denver, CO 80223",39.67779,-104.9890637
"56 S Elati St, Denver, CO 80223",39.71537259999999,-104.993788
"2260 S Bannock St, Denver, CO 80223",39.675535,-104.989649
"2111 S Bannock St, Denver, CO 80223",39.6781583,-104.9901592
"1550 S Tejon St, Denver, CO 80223",39.6878514,-105.0114312
"600 S Decatur St, Denver, CO 80219",39.70556879999999,-105.0222964
"1402 S Yates St, Denver, CO 80219",39.6911723,-105.0504674
"266 Quitman St, Denver, CO 80219",39.7210358,-105.0406047
"3371 W Cedar Ave, Denver, CO 80219",39.7134866,-105.0310352
"1120 S Yates St, Denver, CO 80219",39.6963338,-105.0504674
"1828 S Meade St, Denver, CO 80219",39.6841092,-105.0368151
"1140 S Xavier St, Denver, CO 80219",39.6959785,-105.0492802
"2350 S Irving St, Denver, CO 80219",39.6747533,-105.0294643
"1991 S Stuart St, Denver, CO 80219",39.6811736,-105.0435269
"2601 S Green Ct, Denver, CO 80219",39.67102939999999,-105.0263939
"4972 W Custer Pl, Denver, CO 80219",39.7056378,-105.0510154
"386 S Stuart St, Denver, CO 80219",39.7098445,-105.0430426
"384 S Stuart St, Denver, CO 80219",39.7098404,-105.0429105
"450 S Clay St, Denver, CO 80219",39.7082944,-105.0201507
"3180 W Mexico Ave, Denver, CO 80219",39.6856602,-105.028049
"55 S Clay St, Denver, CO 80219",39.7154765,-105.0206529
"2221 S Wolff St, Denver, CO 80219",39.6761898,-105.0481387
"3040 W 3rd Ave, Denver, CO 80219",39.7212585,-105.0261633
